id,created_at,conversation_id,tweet,retweet_count,like_count,reply_count,quote_count,expanded_url,language,possibly_sensitive,in_reply_to_user_id,username,NEG,NEU,POS,sentimiento
1333044880407465985,2020-11-29 13:47:20+00:00,1333044880407465985,"Aunque les arda a muchos que tremendas periodistas es Monica Gonz√°lez y Alejandra Matus !! 

#PautaLibre https://t.co/tdLcNcz4V0",48,284,32,4,https://twitter.com/csantander23/status/1333044880407465985/photo/1,es,False,,csantander23,0.385358,0.193739,0.420903,POS
1332502544061501442,2020-11-28 01:52:17+00:00,1332502544061501442,"Confirma si Pi√±era es un Miserable 

#RenunciaPi√±eraCuliao #AdelantarEleccionesMV https://t.co/JKAZ1wvUzt",67,488,17,6,https://twitter.com/csantander23/status/1332502544061501442/photo/1,es,False,,csantander23,0.824336,0.159426,0.016238,NEG
1331055549602013184,2020-11-24 02:02:27+00:00,1331055549602013184,"Estamos claro que Sebastian Pi√±era , Juan Sutil , Ignacio Briones y Mar√≠a Jos√© Zaldivar son unos miserables !! 

#Pi√±eraQuiereSuGuerra #SegundoRetiroMV  #AEstaHoraSeImprovisa https://t.co/DuRs56OajW",96,352,23,20,https://twitter.com/csantander23/status/1331055549602013184/photo/1,es,False,,csantander23,0.902723,0.086746,0.01053,NEG
1330931196243693571,2020-11-23 17:48:19+00:00,1330931196243693571,"No olvidar sus caras 
Pi√±era , Briones , Monckeberg y Zaldivar son unos miserable !! 

Es mi Plata no es un Regalo del Estado !! Sinverguenzas asquerosos 

 #Pi√±eraQuiereSuGuerra 
 #segundoretirodel10 #nolovieronvenir #FueraPi√±era https://t.co/BULbDvGzef",310,639,44,36,https://twitter.com/csantander23/status/1330931196243693571/photo/1,es,False,,csantander23,0.896925,0.087414,0.015661,NEG
1330508261225861128,2020-11-22 13:47:43+00:00,1330508261225861128,"Chile necesita m√°s 

Monica Gonz√°lez 

Y menos Marcela Cubillos 

#PautaLibre #MesaCentral https://t.co/SXgnDtHXJH",56,359,35,5,https://twitter.com/csantander23/status/1330508261225861128/photo/1,es,False,,csantander23,0.50319,0.422195,0.074615,NEG
1328832933550022656,2020-11-17 22:50:34+00:00,1328832933550022656,"Confirma si Reinaldo Rueda debe dejar de ser DT de la Selecci√≥n Chilena 

 #LaRojaxCHV https://t.co/hmgGfyOs7V",58,681,55,19,https://twitter.com/csantander23/status/1328832933550022656/photo/1,es,False,,csantander23,0.49421,0.453857,0.051932,NEG
1319443566909935616,2020-10-23 01:00:35+00:00,1319442651012354048,@BartoloApruebo @Colepato_Chile üòçüíöüíö,0,2,1,0,,qme,False,1.2352994291561144e+18,csantander23,0.10289,0.574937,0.322174,NEU
1318740276173852673,2020-10-21 02:25:57+00:00,1318740276173852673,"Ud por quien votar√≠a para presidente de chile ? 

 #AprueboSinMiedo
 #JadueMV #PlebiscitoMV",203,75,37,26,,es,False,,csantander23,0.166375,0.738007,0.095618,NEU
1318729329568788480,2020-10-21 01:42:27+00:00,1318729329568788480,"Confirmen los que votar√°n apruebo el domingo üí™ 

 #AprueboSinMiedo
 #JadueMV #PlebiscitoMV https://t.co/r847tHkeLA",23,122,16,0,https://twitter.com/csantander23/status/1318729329568788480/photo/1,es,False,,csantander23,0.13115,0.730841,0.138009,NEU
1318579542588641280,2020-10-20 15:47:15+00:00,1318579542588641280,"Confirma si Pepa Hoffmann le hace da√±o al pa√≠s !! 

 #ContigoCHV https://t.co/vn7ku4PiAT",40,451,35,9,https://twitter.com/csantander23/status/1318579542588641280/photo/1,es,False,,csantander23,0.889906,0.096826,0.013269,NEG
1316939726851608577,2020-10-16 03:11:13+00:00,1316939726851608577,"Rodrigo Canario y Mart√≠n Pradenas Son unos miserables 

#InformeEspecial #martinpradenasviolador 
#antoniabarra https://t.co/H3zLLpYElJ",148,267,11,6,https://twitter.com/csantander23/status/1316939726851608577/photo/1,es,False,,csantander23,0.82424,0.159842,0.015918,NEG
1316935744653578245,2020-10-16 02:55:23+00:00,1316935744653578245,"Justicia para todas las que ya no est√°n con nosotros !! 

#AntoniaBarra 
 #InformeEspecialTVN #InformeEspecial #martinpradenasviolador https://t.co/xBZEehE5UO",91,232,2,0,https://twitter.com/csantander23/status/1316935744653578245/photo/1,es,False,,csantander23,0.416656,0.520879,0.062465,NEU
1316929330237374465,2020-10-16 02:29:54+00:00,1316929330237374465,"No olvidar sus caras , los padres que encubrieron al violador de Mart√≠n Pradenas !! 

#AntoniaBarra 
 #InformeEspecialTVN #InformeEspecial https://t.co/qeC8K46V8F",61,86,5,2,https://twitter.com/csantander23/status/1316929330237374465/photo/1,es,False,,csantander23,0.517246,0.42402,0.058734,NEG
1316184501987532802,2020-10-14 01:10:13+00:00,1316184501987532802,"Ud a quien prefiere 
? 
RT.   Charles Aranguiz 
FAV. Arturo Vidal 

#LaRojaxCHV  #PartyChilensisFtLaRoja 
 #VamosChile https://t.co/4VN9fXisOX",503,869,89,31,https://twitter.com/csantander23/status/1316184501987532802/photo/1,es,False,,csantander23,0.196243,0.697908,0.10585,NEU
1315343693780602880,2020-10-11 17:29:09+00:00,1315343693780602880,"Confirmen si Pi√±era , Ma√±alich y Paris son unos asesinos y comfiamos que Entel puede entregar los respaldos de los correos !! 

Seremi de Salud Metropolitana 
 #GobiernoDeMafiosos https://t.co/1gxnZBZmMM",126,277,17,5,https://twitter.com/csantander23/status/1315343693780602880/photo/1,es,False,,csantander23,0.902628,0.086357,0.011015,NEG
1315290309803290625,2020-10-11 13:57:01+00:00,1315290309803290625,"M√°s Alejandra Matus 

Menos Nefasta Marcela Cubillos 

#PautaLibre #MesaCentral https://t.co/rnZKQcX7LZ",171,798,67,7,https://twitter.com/csantander23/status/1315290309803290625/photo/1,es,False,,csantander23,0.401472,0.528662,0.069866,NEU
1314340248361537537,2020-10-08 23:01:49+00:00,1314340248361537537,"Quien es el mejor ? 
RT.   Alexis S√°nchez 
FAV. Charles Aranguiz 

#LaRojaxCHV  #PartyChilensisFtLaRoja 
 #VamosChile https://t.co/wn90veCZoI",105,836,45,3,https://twitter.com/csantander23/status/1314340248361537537/photo/1,es,False,,csantander23,0.1915,0.63562,0.17288,NEU
1313666127495659520,2020-10-07 02:23:06+00:00,1313666127495659520,"Que grande es Lucia Dammert y Alejandra Matus , aunque les arda a muchos !! 

#mentirasverdaderas #CrisisEnCarabinerosMV 
 #SQMyPonceLerouMV https://t.co/9yEsHnZzFn",58,327,19,1,https://twitter.com/csantander23/status/1313666127495659520/photo/1,es,False,,csantander23,0.367678,0.433063,0.199259,NEU
1312595223097282561,2020-10-04 03:27:42+00:00,1312595223097282561,"No olviden que Martincito Larrain es un ASESINO !! 

#RelatosSalvajesEnTVN https://t.co/8JTV1ExQ6L",103,201,5,2,https://twitter.com/csantander23/status/1312595223097282561/photo/1,es,False,,csantander23,0.818797,0.141228,0.039975,NEG
1312128722703536129,2020-10-02 20:34:00+00:00,1312128722703536129,"Quien es peor ? 

RT.    Jorge Baradit 
FAV.  Checho Hirane  

#HolaChile #CafeCargado https://t.co/i8w3qTiP0F",1229,424,216,35,https://twitter.com/csantander23/status/1312128722703536129/photo/1,es,False,,csantander23,0.498503,0.468506,0.032991,NEG
1311011643107745793,2020-09-29 18:35:07+00:00,1311011643107745793,"Aunque les arda a muchos , Mon Laferte es por lejos mejor que el nefasto de Alberto Plaza !! https://t.co/9RRI5LmVQ2",302,2266,328,41,https://twitter.com/csantander23/status/1311011643107745793/photo/1,es,False,,csantander23,0.419312,0.178242,0.402446,NEG
1309315719448887296,2020-09-25 02:16:08+00:00,1309315719448887296,"Confirma si Martin Larrain es un ASESINO y es un HDP al igual que su pap√° Carlos Larrain !! 

 #MartinLarra√≠nMV #mentirasverdaderas https://t.co/1ReTMaPKpv",118,354,18,7,https://twitter.com/csantander23/status/1309315719448887296/photo/1,es,False,,csantander23,0.923411,0.066093,0.010496,NEG
1307514922402803714,2020-09-20 03:00:24+00:00,1307514922402803714,Si papa johns don√≥ 822 millones a la campa√±a #VamosChilenos no veo porque los ni√±os no pueden volver a clases https://t.co/JcuhX0meSS,103,620,22,7,https://twitter.com/csantander23/status/1307514922402803714/photo/1,es,False,,csantander23,0.706231,0.240529,0.05324,NEG
1306370556028166145,2020-09-16 23:13:06+00:00,1306370556028166145,Confirmen si  #VTRChile vale callampa !! https://t.co/8eiJyq9GYF,180,1132,77,26,https://twitter.com/csantander23/status/1306370556028166145/photo/1,es,False,,csantander23,0.90492,0.082985,0.012095,NEG
1305150736410513409,2020-09-13 14:25:58+00:00,1305150736410513409,"Ud a quien Prefiere ? 

RT.    Jos√© Antonio Neme 
FAV.  Iv√°n Valenzuela 

#pautaLibre #MesaCentral https://t.co/m8OYfBMttC",839,1923,302,36,https://twitter.com/csantander23/status/1305150736410513409/photo/1,es,False,,csantander23,0.197675,0.732877,0.069448,NEU
1305147825655775232,2020-09-13 14:14:24+00:00,1305147825655775232,"M√°s Monica Gonz√°lez y Alejandra Matus 

Menos Marcela Cubillos 

#pautaLibre #MesaCentral https://t.co/d6JsKP90yG",92,418,27,6,https://twitter.com/csantander23/status/1305147825655775232/photo/1,es,False,,csantander23,0.481785,0.467587,0.050628,NEG
1304375169008443393,2020-09-11 11:04:09+00:00,1304370587641446403,@ConstanzaDuarte Todas las mejores energ√≠as !!! Vamos que se puede !!! Abrazos üíöüíö,0,0,0,0,,es,False,45900138.0,csantander23,0.044832,0.35498,0.600187,POS
1302627170620256256,2020-09-06 15:18:13+00:00,1302627170620256256,"Confirmen lo que creen que se debe concretar la acusaci√≥n constitucional contra el  Ministro Victor P√©rez 

 #MesaCentral #pautaLibre #ToleranciaCero #LaMesaDeLasQueSobran https://t.co/RciajpFvfI",111,463,23,9,https://twitter.com/csantander23/status/1302627170620256256/photo/1,es,False,,csantander23,0.308932,0.643946,0.047121,NEU
1302622334780674050,2020-09-06 14:59:00+00:00,1302622168338042883,"@BartoloApruebo Yo vikinga eeeiiiaaaaaa !!! üíö
Abrazos mi bello @BartoloApruebo",0,1,1,0,,es,False,1.2352994291561144e+18,csantander23,0.013143,0.18004,0.806818,POS
1301722783353909250,2020-09-04 03:24:31+00:00,1301722783353909250,"Weones enfermos que jam√°s debieron salir de la c√°rcel por ser unos asquerosos asesinos !! 

Perd√≥n Daniel Zamudio 
√Åmbar Cornejo 
La justicia vale callampa !! 

 #MirameTVN https://t.co/963Tf4XoJy",84,305,9,3,https://twitter.com/csantander23/status/1301722783353909250/photo/1,es,False,,csantander23,0.942735,0.041854,0.015411,NEG
1301319031824281609,2020-09-03 00:40:09+00:00,1301319031824281609,"M√°s Daniel Matamala y Julio C√©sar Rodr√≠guez 

Menos Sergio P√©rez y Jos√© Villagran 

 #PerezSeCayoTuMontaje https://t.co/3OkG8nJMHt",188,554,38,8,https://twitter.com/csantander23/status/1301319031824281609/photo/1,es,False,,csantander23,0.908424,0.079438,0.012138,NEG
1300639524268191744,2020-09-01 03:40:01+00:00,1300639524268191744,"Diego Schalper y Marcela Cubillos lo peor que puede tener la pol√≠tica chilena 

 #apruebovsrechazomv https://t.co/AlFXA4RhmR",125,634,88,20,https://twitter.com/csantander23/status/1300639524268191744/photo/1,es,False,,csantander23,0.943392,0.046373,0.010235,NEG
1300439248408055814,2020-08-31 14:24:12+00:00,1300439248408055814,"Pulso Ciudadano : 

Ud por quien votar√≠a para futuro Presidente de Chile ? 

#Cadem",1166,495,120,52,,es,False,,csantander23,0.127153,0.777277,0.09557,NEU
1300135486875459584,2020-08-30 18:17:10+00:00,1300135486875459584,"Confirmen si creen que Jacqueline Van Rysselberghe es lo peor que puede tener la pol√≠tica junto con Marcela Cubillos 

#JacquelineResponde #PautaLibre https://t.co/99SNsgwtU5",166,1240,129,25,https://twitter.com/csantander23/status/1300135486875459584/photo/1,es,False,,csantander23,0.927766,0.063261,0.008973,NEG
1298110475721412613,2020-08-25 04:10:29+00:00,1298110475721412613,"Ud en Octubre votar√° ? 

 #HuelgaDeHambreMV #MentirasVerdaderas 
 #AprueboVsRechazoMV",717,260,85,47,,es,False,,csantander23,0.314293,0.645374,0.040332,NEU
1296421038763446274,2020-08-20 12:17:16+00:00,1296421038763446274,Confirmen si Mat√≠as del R√≠o es un miserable y debe ser sancionado por usar la TV p√∫blica para defender sus conflictos de inter√©s. https://t.co/5gzOrW452L,225,805,75,7,https://twitter.com/csantander23/status/1296421038763446274/photo/1,es,False,,csantander23,0.9519,0.041489,0.006611,NEG
1295558495983611911,2020-08-18 03:09:50+00:00,1295558495983611911,"M√°s Alejandra Matus y Monica Gonz√°lez 

Menos Marcela Cubillos y Pepa Hoffmann 

 #PautaLibreMV #mentirasverdaderas https://t.co/BALSulLboL",279,1132,45,17,https://twitter.com/csantander23/status/1295558495983611911/photo/1,es,False,,csantander23,0.709824,0.25461,0.035566,NEG
1295051928569876480,2020-08-16 17:36:55+00:00,1295051928569876480,"Lo peor de chile !! 
Marcela Cubillos , Pepa Hoffmann , Andr√©s Allamand 

 #MesaCentral #estadoNacioanal #enacional 
 #ElPuebloApruebaEnOctubre https://t.co/3HrCyXeyq1",436,1250,107,33,https://twitter.com/csantander23/status/1295051928569876480/photo/1,es,False,,csantander23,0.846019,0.144759,0.009223,NEG
1292467202596188161,2020-08-09 14:26:08+00:00,1292467202596188161,"Quien es el Rey de los Weones ? 

RT.     #HugoGutierrez 
FAV.   Jos√© Antonio Kast 

#DestitucionAGutierrez #ComisariaVirtual #MesaCentral 
 #FueraGutierrez https://t.co/3XD93KZxxA",1865,7055,830,136,https://twitter.com/csantander23/status/1292467202596188161/photo/1,es,False,,csantander23,0.441358,0.522635,0.036007,NEU
1292157197565284354,2020-08-08 17:54:17+00:00,1292157197565284354,"@AFP_Capital hola , reviso la p√°gina de la afp y me descontaron el 10% pero a√∫n no est√° despistado en mi cuenta ü§î",1,1,1,0,,es,False,149001721.0,csantander23,0.1754,0.808854,0.015746,NEU
1290749492044730371,2020-08-04 20:40:34+00:00,1290749492044730371,@RegCivil_Chile hola necesito actualizar mi correo para que llegue la clave √∫nica uds me pueden ayudar o debo ir de forma presencial ?,0,0,1,0,,es,False,121471138.0,csantander23,0.080251,0.899336,0.020413,NEU
1290394676730757122,2020-08-03 21:10:39+00:00,1290394676730757122,"Pulso Ciudadano : 
Ud por quien votar√≠a para futuro presidente ?

- Daniel Jadue 
- Joaqu√≠n Lavin 
-Rodolfo Carter 
- Jos√© Antonio Kast 
 #LaTardeConHolaChile",1595,636,329,115,,es,False,,csantander23,0.127703,0.726642,0.145655,NEU
1287575261635063808,2020-07-27 02:27:19+00:00,1287575261635063808,"Cadem : 
Ud por quien votar√≠a para futur@ Presidente de chile ? 

#enacional #EstadoNacional",438,174,552,57,,es,False,,csantander23,0.134585,0.807513,0.057901,NEU
1287106533164285952,2020-07-25 19:24:45+00:00,1287106533164285952,"Cual prefieres ? 

RT.    Alexis S√°nchez 
FAV.  Lautaro Martinez 

 #SerieAxESPN https://t.co/ZnuAiRW2Gq",1070,845,63,11,https://twitter.com/csantander23/status/1287106533164285952/photo/1,es,False,,csantander23,0.134412,0.74655,0.119038,NEU
1286853063156871174,2020-07-25 02:37:33+00:00,1286853063156871174,"Ud a quien Prefiere ? 

RT.    Eduardo Fuentes 
FAV.  Polo Ramirez 

 #PradenasEnPreventivaMV https://t.co/EY2hEwZDDh",791,109,56,10,https://twitter.com/csantander23/status/1286853063156871174/photo/1,es,False,,csantander23,0.274101,0.648836,0.077063,NEU
1286495211011670016,2020-07-24 02:55:34+00:00,1286495211011670016,"Ud a quien Prefiere ? 

RT.   Jos√© Antonio Neme 
FAV. Jos√© Luis Reppening 

#DraCorderoMV https://t.co/GqWGdOn2Jj",355,1305,158,21,https://twitter.com/csantander23/status/1286495211011670016/photo/1,es,False,,csantander23,0.134267,0.793471,0.072261,NEU
1286373369840128011,2020-07-23 18:51:25+00:00,1286352498006077440,"No m√°s Marcela Cubillos
No m√°s Ignacio Briones 
No m√°s Gonzalo Blumel 
No m√°s Camila Flores 
No m√°s Jaime Bellolio 
No m√°s Victor P√©rez 
No m√°s Sebastian Pi√±era 

#ElRetiroVaYVamosPorMas #RetiroFondosPrevisionales #afphabitat",36,75,3,1,,es,False,1473698912.0,csantander23,0.651904,0.306669,0.041426,NEG
1286352498006077440,2020-07-23 17:28:29+00:00,1286352498006077440,"No m√°s Pepa Hoffmann 
No m√°s Juan Antonio Coloma 
No m√°s Diego Schalper 
No m√°s Jacqueline V Rysselberghe
No m√°s Andr√©s Allamand 
No m√°s Felipe Kast 
No m√°s Ena Von Baer 
No m√°s Paulina N√∫√±ez 
No m√°s Javier Macaya 

#ElRetiroVaYVamosPorMas #RetiroFondosPrevisionales",559,883,61,28,,es,False,,csantander23,0.702547,0.254213,0.04324,NEG
1286024033583214593,2020-07-22 19:43:17+00:00,1286024033583214593,"Comparte al Moreira de la suerte para pasarte por la raja a Jacqueline Van Rysselberghe, Andr√©s Allamand y al Gobierno 

#RetiroFondosPrevisionales #Retiro10xCiento #SenadoresVotenXElPueblo https://t.co/Qsgg0AmRy0",1058,2857,67,60,https://twitter.com/csantander23/status/1286024033583214593/photo/1,es,False,,csantander23,0.481979,0.429998,0.088023,NEG
1285361821130665984,2020-07-20 23:51:53+00:00,1285361821130665984,"Levante la mano los que creen que Allamand es un Miserable 

#Retiro10xCiento #PasoAPasoAlRebrote https://t.co/ypnz4zjx9t",1744,13328,1161,214,https://twitter.com/csantander23/status/1285361821130665984/photo/1,es,False,,csantander23,0.809744,0.175521,0.014735,NEG
1285244466186592256,2020-07-20 16:05:34+00:00,1285244466186592256,"La tv chilena necesita m√°s Julio C√©sar Rodriguez y menos Jos√© Miguel Vi√±uela !! 

#ContigoCHV https://t.co/BifFJtjkk1",309,1974,83,25,https://twitter.com/csantander23/status/1285244466186592256/photo/1,es,False,,csantander23,0.468974,0.352984,0.178042,NEG
1284867410009427969,2020-07-19 15:07:16+00:00,1284867410009427969,"Levante la mano los que encuentran que Marcela Cubillos es un asco , le hace un da√±o al pa√≠s !! 

 #MesaCentral https://t.co/7sGgnsG6n0",555,4397,1512,176,https://twitter.com/csantander23/status/1284867410009427969/photo/1,es,False,,csantander23,0.921556,0.060918,0.017526,NEG
1284694452821524481,2020-07-19 03:40:00+00:00,1284694452821524481,"Lo peor de chile !! 

 #MachucaXTVN https://t.co/gMJakjvejE",88,191,42,5,https://twitter.com/csantander23/status/1284694452821524481/photo/1,es,False,,csantander23,0.919426,0.063446,0.017128,NEG
1284164146456666113,2020-07-17 16:32:45+00:00,1284163556804624389,@ActivistBartolo La bronconeumon√≠a hija!! #PaRibaLasMu√±ecas,0,7,1,0,,es,False,1.2352994291561144e+18,csantander23,0.793068,0.188338,0.018594,NEG
1284128977267949569,2020-07-17 14:13:00+00:00,1284128977267949569,"M√°s Julio C√©sar Rodriguez 

Menos Jos√© Miguel #Vi√±uela !!  

#MuchoGustoMega #ContigoCHV https://t.co/rqC4o4lBnP",1006,4340,108,62,https://twitter.com/csantander23/status/1284128977267949569/photo/1,es,False,,csantander23,0.354054,0.477902,0.168044,NEU
1284127329200021510,2020-07-17 14:06:27+00:00,1284127329200021510,"#Vi√±uela no te creo nada !! 

Lo peor que ha tenido el mega !! 

#ApagaElMega 
 #MuchoGustoMega https://t.co/dFDoK7wu4H",386,1440,50,37,https://twitter.com/csantander23/status/1284127329200021510/photo/1,es,False,,csantander23,0.951135,0.042152,0.006713,NEG
1283868377715482631,2020-07-16 20:57:29+00:00,1283868377715482631,"Quien es peor ? 

RT.    Jos√© Miguel Vi√±uela 
FAV.  Karol Dance 

#MuchoGustoMega https://t.co/YrbCKi0YTO",290,1276,97,22,https://twitter.com/csantander23/status/1283868377715482631/photo/1,es,False,,csantander23,0.3024,0.627292,0.070308,NEU
1283775712210690050,2020-07-16 14:49:15+00:00,1283775712210690050,"Lo peor de la pol√≠tica chilena ! 

Marcela Cubillos 
Jacqueline Van Rysselberghe 
Pepa Hoffmann 

#MuchoGustoMega #ContigoCHV #Bienvenidos13 https://t.co/6cbFbvnwDi",1023,3109,347,134,https://twitter.com/csantander23/status/1283775712210690050/photo/1,es,False,,csantander23,0.893311,0.092073,0.014617,NEG
1282877190422630400,2020-07-14 03:18:51+00:00,1282877190422630400,"Que gran periodista es Alejandra Matus ! Mis respeto y admiraci√≥n para ella !! 

 #RetiroDeFondosMV https://t.co/v6RE4ztsGu",72,404,51,8,https://twitter.com/csantander23/status/1282877190422630400/photo/1,es,False,,csantander23,0.049125,0.107912,0.842962,POS
1281990995538845698,2020-07-11 16:37:26+00:00,1281990995538845698,"Mis respeto y admiraci√≥n a los 3 excelentes periodistas de nuestro pa√≠s !! 
Gracias por su inmenso trabajo 

Alejandra Matus 
Monica Gonz√°lez 
Julio C√©sar Rodriguez 

Feliz  #DiaDelPeriodista https://t.co/276lggtWrG",95,292,11,6,https://twitter.com/csantander23/status/1281990995538845698/photo/1,es,False,,csantander23,0.018197,0.073449,0.908353,POS
1281236615935991809,2020-07-09 14:39:48+00:00,1281236615935991809,"Levante la mano los que creen que Andr√©s Allamand  , Marcela Cubillos y Javier macaya son unos csm , que le hacen mal a chile , son nefasto y da asco escucharlos !! 

#ContigoCHV #Bienvenidos13 https://t.co/Bixz0K9dS2",656,3805,322,68,https://twitter.com/csantander23/status/1281236615935991809/photo/1,es,False,,csantander23,0.95414,0.03753,0.008329,NEG
1281080919399501824,2020-07-09 04:21:07+00:00,1281080919399501824,"Lo peor de nuestra pol√≠tica ! 

Pi√±era , Blumel , Marcela cubillos , Pepa Hoffmann , Jacqueline Van Rysselberghe , Diego Schalper , Juan Antonio Coloma , Camila Flores , Pepe Auth 

#partychilensisftchileculiao https://t.co/J5PK9Aky9L",404,969,94,16,https://twitter.com/csantander23/status/1281080919399501824/photo/1,es,False,,csantander23,0.910129,0.075089,0.014782,NEG
1280914749912481800,2020-07-08 17:20:49+00:00,1280914749912481800,"No olviden sus caras son los par√°sitos que est√°n en contra del retiro de 10% de los fondos de las AFP 
Schalper  - bellolio -  Melero -  Mar√≠a Jos√© Zaldivar ( Ministra del trabajo ) 

 #RetiroFondosPrevisionales https://t.co/Zp9ICVjg9P",634,632,71,33,https://twitter.com/csantander23/status/1280914749912481800/photo/1,es,False,,csantander23,0.871472,0.112404,0.016124,NEG
1280330681399365633,2020-07-07 02:39:56+00:00,1280330681399365633,"Aunque les arda , Alejandra Matus es una de las mejores periodista !! 

 #MatusYNemeMV https://t.co/R0VS8O2sG9",142,828,74,10,https://twitter.com/csantander23/status/1280330681399365633/photo/1,es,False,,csantander23,0.047194,0.117121,0.835685,POS
1279465378431852546,2020-07-04 17:21:32+00:00,1279465378431852546,Quiero denunciar a la Alcaldesa Cathy Barriga por sacar a pasear sin salvoconducto al Intendente Felipe Guevara ! https://t.co/8UYaKjAZZs,243,1338,75,12,https://twitter.com/csantander23/status/1279465378431852546/photo/1,es,False,,csantander23,0.863458,0.113732,0.022811,NEG
1279258182012080133,2020-07-04 03:38:12+00:00,1279258182012080133,"Levante la mano los que creen que Allamand es un conchesumadre CARA DE RAJA 

#PostnatalDeEmergencia 
 #LaGranMarchaVirtual 
 #EstallidoSocial2 https://t.co/SImnlKjXrN",838,5865,573,93,https://twitter.com/csantander23/status/1279258182012080133/photo/1,es,False,,csantander23,0.729503,0.243145,0.027352,NEG
1279063833299111937,2020-07-03 14:45:56+00:00,1279063833299111937,"Encuesta Criteria : 
Ud por quien votar√≠a para futuro Presidente de Chile !!

Jadue -  Lavin - Parisi - Kast",973,435,210,53,,es,False,,csantander23,0.160973,0.705578,0.133449,NEU
1278764420898926593,2020-07-02 18:56:10+00:00,1278764420898926593,"#LeDuelaAQuienLeDuela son los m√°s miserables .- 

Van Rysselberghe 
Guillermo Ram√≠rez 
Marcela Cubillos 
Pepa Hoffmann https://t.co/qDyeS0Lr0N",705,1931,181,44,https://twitter.com/csantander23/status/1278764420898926593/photo/1,es,False,,csantander23,0.878615,0.098994,0.022391,NEG
1277981704842428418,2020-06-30 15:05:56+00:00,1277981704842428418,"M√°s Julio C√©sar Rodriguez 

Menos Polo Ram√≠rez 

 #ContigoCHV #Bienvenidos13 https://t.co/UMP0HRneFg",868,3729,81,27,https://twitter.com/csantander23/status/1277981704842428418/photo/1,es,False,,csantander23,0.374586,0.520851,0.104562,NEU
1277626728198930433,2020-06-29 15:35:23+00:00,1277626728198930433,"M√°s #JulioCesarrodriguez menos Javier macaya y Joaqu√≠n Lavin 

#ContigoCHV https://t.co/1oXVCot2rF",214,1025,13,3,https://twitter.com/csantander23/status/1277626728198930433/photo/1,es,False,,csantander23,0.620142,0.335486,0.044372,NEG
1277464769767882754,2020-06-29 04:51:49+00:00,1277464769767882754,"Aweon // hada 

 #meaculpaTVN https://t.co/as9YjZaPFl",17,92,0,1,https://twitter.com/csantander23/status/1277464769767882754/photo/1,es,False,,csantander23,0.434608,0.459542,0.10585,NEU
1277089201339629568,2020-06-28 03:59:27+00:00,1277087503888068609,@FelipeParadaM Hay una infiltrada Karla Yo Fui Rubiliar ü§≠ü§≠üòÇüòÇ,0,0,0,0,,es,False,22309781.0,csantander23,0.1693,0.804994,0.025707,NEU
1276668078366109696,2020-06-27 00:06:03+00:00,1276668078366109696,"Cual de las dos es m√°s nefasta y pat√©tica ? 
RT.    Marcela Cubillos 
FAV.  Pepa Hoffmann 

#bancoestado 
 #El10XCientoParaElPueblo https://t.co/N5GEgkthdy",294,583,240,28,https://twitter.com/csantander23/status/1276668078366109696/photo/1,es,False,,csantander23,0.896607,0.095801,0.007592,NEG
1276296650777034757,2020-06-25 23:30:08+00:00,1276296650777034757,#ElPeorPeriodismoDeLaHistoria de Chile !! https://t.co/t91WG2SCla,703,1256,41,21,https://twitter.com/csantander23/status/1276296650777034757/photo/1,es,False,,csantander23,0.953904,0.035005,0.011091,NEG
1276274840241127425,2020-06-25 22:03:28+00:00,1276260624557891585,"@hernan_sr @Sociloco Donde est√° Pepa Hoffmann , Iv√°n Moreira , Javier Macaya defendiendo de nuevo  al asqueroso de Pi√±era !!",1,2,1,0,,es,False,34992710.0,csantander23,0.920782,0.068052,0.011165,NEG
1275454100423892993,2020-06-23 15:42:08+00:00,1275454100423892993,"Chile necesita m√°s Alejandra Matus, Julio C√©sar Rodriguez y menos Monserrat √Ålvarez , Polo Ram√≠rez e Iv√°n Moreira !! 

#ContigoCHV https://t.co/zd67HhqgyF",132,446,23,5,https://twitter.com/csantander23/status/1275454100423892993/photo/1,es,False,,csantander23,0.304918,0.360492,0.33459,NEU
1275432190856384512,2020-06-23 14:15:05+00:00,1275432190856384512,"Ud a quien prefiere ? 

RT.     Julio C√©sar Rodriguez 
FAV.   Monserrat √Ålvarez  #ContigoCHV https://t.co/yVOd3lPdvX",1212,141,116,15,https://twitter.com/csantander23/status/1275432190856384512/photo/1,es,False,,csantander23,0.137053,0.739918,0.123028,NEU
1275213630552899586,2020-06-22 23:46:36+00:00,1275213630552899586,"Chile Necesita una Nueva Constituci√≥n ? 

#NuevaConstituci√≥nParaChile #QuierenMasMuertos #Apruebo #Rechazo  #SeBurlaDeChile
Chilezuela",653,274,136,42,,es,False,,csantander23,0.771897,0.208505,0.019597,NEG
1274950404246290433,2020-06-22 06:20:38+00:00,1274950404246290433,"Levante la mano üôã‚Äç‚ôÇÔ∏èüôã‚Äç‚ôÄÔ∏è lo que creen que Pi√±era es un nefasto , pat√©tico y SDW 

 #NoSePuedeAbrir https://t.co/ODn6DL1wvL",76,417,31,5,https://twitter.com/csantander23/status/1274950404246290433/photo/1,es,False,,csantander23,0.944817,0.046575,0.008608,NEG
1274771006440247296,2020-06-21 18:27:46+00:00,1274771006440247296,"M√°s Julio C√©sar Rodriguez 

Menos Polo Ram√≠rez https://t.co/xvmNxn54hq",1615,5421,131,62,https://twitter.com/csantander23/status/1274771006440247296/photo/1,es,False,,csantander23,0.344746,0.533719,0.121535,NEU
1274728304852041734,2020-06-21 15:38:05+00:00,1274728304852041734,"Que Asco escuchar a Marcela Cubillos cuestionar la cifra de 7000 muertos ü§¶‚Äç‚ôÇÔ∏èü§¶‚Äç‚ôÇÔ∏è
No se puede esperar menos si vienen ocultando muertos del a√±o 1973 

#MesaCentral https://t.co/W7L3fFoiv5",131,352,28,5,https://twitter.com/csantander23/status/1274728304852041734/photo/1,es,False,,csantander23,0.967883,0.026614,0.005503,NEG
1274722160054095878,2020-06-21 15:13:40+00:00,1274722160054095878,"M√°s Monica Gonz√°lez , Alejandra Matus , Daniel Matamala 

Menos Marcela Cubillos , Iv√°n Valenzuela 

 #MesaCentral https://t.co/gcHnsAfrBS",169,490,53,8,https://twitter.com/csantander23/status/1274722160054095878/photo/1,es,False,,csantander23,0.555834,0.390162,0.054004,NEG
1274034371943677952,2020-06-19 17:40:39+00:00,1274034371943677952,"Sr Blumel a√∫n seguimos esperando quien le dispar√≥ a Gustavo Gatica !! 

 #yonoatiendopacos #RubenIbarra https://t.co/2Yc0QvMCUF",310,617,82,19,https://twitter.com/csantander23/status/1274034371943677952/photo/1,es,False,,csantander23,0.782906,0.202462,0.014632,NEG
1273837347558297611,2020-06-19 04:37:45+00:00,1273837108969574400,@doctor911_cl @ContigoCHV Grande doctor !! Mis respeto para ud,0,4,0,0,,es,False,8.105573967624233e+17,csantander23,0.015341,0.05781,0.926849,POS
1273636392673914888,2020-06-18 15:19:13+00:00,1273636392673914888,"M√°s Julio C√©sar Rodriguez 

Menos Javier Macaya 

 #ContigoCHV https://t.co/nQpq5So8Bm",251,1183,47,8,https://twitter.com/csantander23/status/1273636392673914888/photo/1,es,False,,csantander23,0.491912,0.421276,0.086812,NEG
1273420807784579074,2020-06-18 01:02:34+00:00,1273420807784579074,"Estos senadores le dieron la espalda a madres, padres votando rechazo al #PostnatalDeEmergencia no olvidar sus caras ! Son unas lacras 

 #LaHibernacionEsURGENTE https://t.co/3hIq3wHs8N",180,127,17,12,https://twitter.com/csantander23/status/1273420807784579074/photo/1,es,False,,csantander23,0.955975,0.039849,0.004176,NEG
1273374113835384839,2020-06-17 21:57:01+00:00,1273374113835384839,"@ServipagOnline buenas tardes , necesito recuperar mi contrase√±a y uno me llega al correo",0,0,1,0,,es,False,172787386.0,csantander23,0.381452,0.604718,0.013831,NEU
1273048596397658114,2020-06-17 00:23:32+00:00,1273048596397658114,"Los peores asesinos de nuestro pa√≠s ! 

 #EstrategiasDeMuerte #BigBoss
@_PuebloInforma https://t.co/MFWOalkvaA",99,113,9,4,https://twitter.com/csantander23/status/1273048596397658114/photo/1,es,False,,csantander23,0.893847,0.096871,0.009282,NEG
1272549393850343426,2020-06-15 15:19:52+00:00,1272549393850343426,"Ud a quien Prefiere ? 

RT.   #JulioCesarRodriguez 
FAV. Monserrat √Ålvarez 

 #ContigoCHV https://t.co/aB0TstqevT",985,119,82,23,https://twitter.com/csantander23/status/1272549393850343426/photo/1,es,False,,csantander23,0.127661,0.765141,0.107197,NEU
1272538267137839104,2020-06-15 14:35:40+00:00,1272538267137839104,"M√°s Alejandra Matus  

Menos Pepa Hoffmann 

 #ContigoCHV #Bienvenidos13 https://t.co/GgGUxCNPBt",786,3337,121,33,https://twitter.com/csantander23/status/1272538267137839104/photo/1,es,False,,csantander23,0.343296,0.533225,0.123479,NEU
1272248791790428163,2020-06-14 19:25:23+00:00,1272248791790428163,"Estoy de acuerdo con Karen Paola 

Solo en Chile a le dicen HEROE a un Ministro que ocult√≥ cifra de fallecidos por covid19 , que no escuch√≥ a especialistas , que fue soberbio y que culpo siempre a la ciudadan√≠a por el p√©simo manejo de la pandemia ü§¶‚Äç‚ôÇÔ∏èü§¶‚Äç‚ôÇÔ∏è
#MesaCentral #ministroparis https://t.co/Cqga5S1YSk",51,191,42,5,https://twitter.com/csantander23/status/1272248791790428163/photo/1,es,False,,csantander23,0.961456,0.034983,0.003561,NEG
1272229456330084355,2020-06-14 18:08:33+00:00,1272229456330084355,"La cara de Ma√±alich al ver el reporte  diario de covid-19 entregado hoy por el #ministroparis !! 

Recuerda no te fuiste como un H√âROE , te fuiste por ocultar cifra de fallecidos y por soberbio ! https://t.co/xrWrLOxGK8",71,298,43,2,https://twitter.com/csantander23/status/1272229456330084355/photo/1,es,False,,csantander23,0.920577,0.069813,0.00961,NEG
1272186010663890944,2020-06-14 15:15:55+00:00,1272186010663890944,"Ojo que los medios internacionales en su cobertura por la salida de Ma√±alich no lo nombran como H√âROE como lo hace chile 

#MesaCentral https://t.co/tIq8KiWLSJ",105,118,19,3,https://twitter.com/csantander23/status/1272186010663890944/photo/1,es,False,,csantander23,0.841459,0.138619,0.019922,NEG
1272182786019987456,2020-06-14 15:03:06+00:00,1272182786019987456,"La √∫nica oposici√≥n de este nefasto gobierno , ellas han hecho mucho m√°s que los mismos pol√≠ticos !! 

Monica Gonz√°lez 
Izkia Siches 
Alejandra Matus 
  #MesaCentral https://t.co/iDPleJVMKW",134,358,61,10,https://twitter.com/csantander23/status/1272182786019987456/photo/1,es,False,,csantander23,0.840306,0.131494,0.0282,NEG
1271987764582592512,2020-06-14 02:08:10+00:00,1271986233795846146,@FelipeParadaM ‚ù§Ô∏è‚ù§Ô∏è,0,1,0,0,,qme,False,22309781.0,csantander23,0.194237,0.591372,0.214391,NEU
1271839800723677185,2020-06-13 16:20:12+00:00,1271839800723677185,"Jaime Ma√±alich y Enrique Paris es la misma mierda con distinto olor !! 

#CambioDeGabinete https://t.co/w3euRYRolI",247,654,43,9,https://twitter.com/csantander23/status/1271839800723677185/photo/1,es,False,,csantander23,0.885801,0.099778,0.014421,NEG
1271280507636969474,2020-06-12 03:17:46+00:00,1271280507636969474,"M√°s periodistas como Alejandra Matus 
Y menos Soledad Onetto , Monserrat √Ålvarez 

 #LasCifrasDeMatusMV https://t.co/RHUSoQjb4y",90,241,11,0,https://twitter.com/csantander23/status/1271280507636969474/photo/1,es,False,,csantander23,0.765866,0.203882,0.030252,NEG
1271230606748397570,2020-06-11 23:59:29+00:00,1271230606748397570,"Ud en Octubre que votar√° ? 

#AprueboGanaEnOctubre #GobiernoFracasado #RechazoGanaEnOctubre",943,373,164,60,,es,False,,csantander23,0.532896,0.432673,0.034431,NEG
1271102907153293312,2020-06-11 15:32:03+00:00,1271102907153293312,"M√°s Alejandra Matus
Menos Enrique Paris y Ma√±alich 

 #Bienvenidos13 https://t.co/e5gkbCagoh",70,226,37,2,https://twitter.com/csantander23/status/1271102907153293312/photo/1,es,False,,csantander23,0.357258,0.425616,0.217126,NEU
1268958787873931265,2020-06-05 17:32:05+00:00,1268958787873931265,"Ud a quien Prefiere ? 

RT.   Dra Izkia Siches 
FAV. Alberto Plaza https://t.co/1QVJ9lt87M",1673,4842,715,94,https://twitter.com/csantander23/status/1268958787873931265/photo/1,es,False,,csantander23,0.184141,0.720779,0.09508,NEU
1267487558931537921,2020-06-01 16:05:57+00:00,1267487558931537921,"Siguen creyendo en el nefasto y soberbio de  #Ma√±alich es una verg√ºenza como ministro , !! 
Mis respeto y admiraci√≥n a la periodista Valentina Reyes, esperemos que no le traiga consecuencia por hacer su pega

 #YaRespondiEsaPregunta https://t.co/uRVgH4T4Vp",208,638,55,6,https://twitter.com/csantander23/status/1267487558931537921/photo/1,es,False,,csantander23,0.947184,0.046416,0.006399,NEG
1267150593111601154,2020-05-31 17:46:58+00:00,1267150593111601154,"El subsecretario Zu√±iga se pasa por la raja la cuarentena 

Fin del Comunicado 

 #Covid19Chile #MesaCentral https://t.co/OBl1NrOU2Q",145,281,15,9,https://twitter.com/csantander23/status/1267150593111601154/photo/1,es,False,,csantander23,0.775552,0.209556,0.014892,NEG
1267112326311882752,2020-05-31 15:14:55+00:00,1267112326311882752,"M√°s Monica Gonz√°lez 

Menos Isabel Pla 

 #MesaCentral https://t.co/3OxypODPWz",898,2787,130,41,https://twitter.com/csantander23/status/1267112326311882752/photo/1,es,False,,csantander23,0.543148,0.401082,0.05577,NEG
1266168825629814784,2020-05-29 00:45:46+00:00,1266168825629814784,"Quien a su parecer debe ser Ministro de Salud ? 

RT.   Dra Izkia Siches  
FAV. Jaime Ma√±alich 

 #RenunciaMa√±alich 
#MentirasQueMatan #CoronavirusEnChile #ChileCronicaDeMuerte https://t.co/z6xdrK9Yti",1246,5139,895,118,https://twitter.com/csantander23/status/1266168825629814784/photo/1,es,False,,csantander23,0.611914,0.362174,0.025912,NEG
1266157231537610752,2020-05-28 23:59:42+00:00,1266157231537610752,"Levante la mano los que quieren que Ma√±alich renuncie por su mal manejo de la pandemia y por su soberbia !! 
 #RenunciaMa√±alich 
#MentirasQueMatan #CoronavirusEnChile #ChileCronicaDeMuerte https://t.co/tWfTsLr4QG",31,41,18,5,https://twitter.com/csantander23/status/1266157231537610752/photo/1,es,False,,csantander23,0.893565,0.096457,0.009978,NEG
1265870882213330944,2020-05-28 05:01:51+00:00,1265870882213330944,"No vea far√°ndula transformada en baile , teleseries repetidas , vea la tremenda serie que es The Good Doctor  #TheGoodDoctorCuarentena",6,35,0,0,,es,False,,csantander23,0.323615,0.572496,0.103889,NEU
1265864126951297025,2020-05-28 04:35:01+00:00,1265864126951297025,"shaun murphy Ministro de Salud de chile üôèüôèüôèüôè

 #TheGoodDoctorCuarentena https://t.co/uFTIdwgSN6",22,88,3,0,https://twitter.com/csantander23/status/1265864126951297025/photo/1,es,False,,csantander23,0.109025,0.745401,0.145574,NEU
1265861042980126722,2020-05-28 04:22:45+00:00,1265861042980126722,"A qu√© hora sale Ma√±alich diciendo que est√° todo controlado y tenemos la mejor salud del planeta 

 #TheGoodDoctorCuarentena https://t.co/wooTifLU41",29,78,5,1,https://twitter.com/csantander23/status/1265861042980126722/photo/1,es,False,,csantander23,0.087035,0.663216,0.249749,NEU
1265488648809652225,2020-05-27 03:43:00+00:00,1265488648809652225,"Verg√ºenza deber√≠a darle a canal 13 transmitir un programa de baile cuando los funcionarios m√©dicos est√°n luchando d√≠a a d√≠a por no contagiarse y salvar vidas y a la vez muchos compatriotas en no morir 

#BailandoPorUnSueno 
#BailandoPorUnVirus
 #ChileTeAplaude https://t.co/VYsiEM3raE",31,58,4,1,https://twitter.com/csantander23/status/1265488648809652225/photo/1,es,False,,csantander23,0.922639,0.069382,0.007979,NEG
1265485824084377601,2020-05-27 03:31:46+00:00,1265485824084377601,"Escuchen el testimonio de la Dra Claudia Vega y sientan verg√ºenza canal 13 por transmitir un programa como #BailandoPorUnSueno mientras funcionarios de la salud est√°n arriesgando sus vidas y   Miles de compatriotas luchando por no morir 
ü§¶‚Äç‚ôÇÔ∏èü§¶‚Äç‚ôÇÔ∏è
#BailandoPorUnVirus
 #ChileTeAplaude https://t.co/9ClCOQ1DB3",106,150,5,6,https://twitter.com/csantander23/status/1265485824084377601/video/1,es,False,,csantander23,0.92129,0.070128,0.008582,NEG
1265258845602971649,2020-05-26 12:29:50+00:00,1265258845602971649,"Colapso en el Hospital San Jos√© y el Hospital el Carmen la Dra Claudia Vega est√° con el dilema de la √∫ltima cama, pero Ma√±alich llama a una nueva normalidad en las comunas sin cuarentena !! ü§¶‚Äç‚ôÇÔ∏èü§¶‚Äç‚ôÇÔ∏è
Eres un Asesino con delantal , soberbio y no te importa el sufrimiento de las persona https://t.co/ZiTxruc2Mk",19,16,2,2,https://twitter.com/csantander23/status/1265258845602971649/photo/1,es,False,,csantander23,0.971591,0.024134,0.004274,NEG
1265110031780937728,2020-05-26 02:38:30+00:00,1265110031780937728,"Que les parece que canal 13 se pase por la raja la pandemia , mientras funcionarios m√©dicos y mucha gente est√° arriesgando y luchando por sus vidas !!

RT.    Una verg√ºenza 
FAV.  Muy Bien 

 #BailandoPorUnSueno https://t.co/9pN1H1ms3Z",563,217,20,15,https://twitter.com/csantander23/status/1265110031780937728/photo/1,es,False,,csantander23,0.963519,0.029969,0.006512,NEG
1265054864675164160,2020-05-25 22:59:17+00:00,1265054864675164160,"C√≥mo les duele a la derecha que la Dra Izkia Siches est√© mejor evaluada que el Nefasto y soberbio de Ma√±alich !!

#FueraMa√±alich 
 #NegligenciaCriminal https://t.co/xhL1euFD4n",320,1003,203,47,https://twitter.com/csantander23/status/1265054864675164160/photo/1,es,False,,csantander23,0.969995,0.023772,0.006233,NEG
1264758815959982080,2020-05-25 03:22:54+00:00,1264758815959982080,"Quien debe dejar #MasterChefCelebrity ?

RT.    Botota 
FAV.  Rocio 

 #Eliminaci√≥nSinSaz√≥n https://t.co/1cGNwq3KRa",37,219,22,1,https://twitter.com/csantander23/status/1264758815959982080/photo/1,es,False,,csantander23,0.232099,0.690267,0.077634,NEU
1264750091614801927,2020-05-25 02:48:14+00:00,1264750091614801927,"Ud a quien prefiere ? 

RT.    Chef Fernanda 
FAV.  Chef Carpentier 

 #Eliminaci√≥nSinSaz√≥n #MasterChefCelebrity https://t.co/aTEevrDRyp",199,35,3,6,https://twitter.com/csantander23/status/1264750091614801927/photo/1,es,False,,csantander23,0.149664,0.776152,0.074184,NEU
1264164427294806016,2020-05-23 12:01:01+00:00,1264164427294806016,"NO HAY SEBASTI√ÅN BUENO 

Sebasti√°n Pi√±era
Sebasti√°n Izquierdo 

#ElGobiernoYaFracaso  
 #ChileEnCrisisTotal 
Rechazo
 #TodosSomosSebastian https://t.co/ljSveCHAJe",234,842,52,21,https://twitter.com/csantander23/status/1264164427294806016/photo/1,es,False,,csantander23,0.868229,0.123282,0.008489,NEG
1264069107588247552,2020-05-23 05:42:15+00:00,1264061804126355456,@krlito210 Gracias,0,0,0,0,,es,False,279780656.0,csantander23,0.135703,0.53123,0.333067,NEU
1264014327784275968,2020-05-23 02:04:34+00:00,1264014327784275968,"Perd√≥n Felipe Camiroaga  cuando dec√≠an que Karol Dance iba hacer t√∫ sucesor en la tv 

 #KarolPiramidance https://t.co/ca1iDoY9pI",8,98,4,0,https://twitter.com/csantander23/status/1264014327784275968/photo/1,es,False,,csantander23,0.725052,0.253695,0.021253,NEG
1263667701869875200,2020-05-22 03:07:12+00:00,1263667701869875200,"Ud comprar√≠a alg√∫n libro de Baradit ? 

 #BaraditMV #Pi√±eraDictador",328,126,135,27,,es,False,,csantander23,0.369614,0.579095,0.05129,NEU
1263597489703305217,2020-05-21 22:28:12+00:00,1263595705391669254,"@MIAPELLIDOSTAR A mi me pas√≥ que la persona de la seremi  que me controlo en la aduana sanitaria no me dejo pasar a mi trabajo , llevando el salvoconducto correspondiente y me indica que si tengo alguna duda que llame a la seremi al cual no contestan los numero de tel√©fono ü§¶‚Äç‚ôÇÔ∏è",0,0,0,0,,es,False,382211312.0,csantander23,0.768181,0.225007,0.006812,NEG
1263526213810864129,2020-05-21 17:44:59+00:00,1263526213810864129,"Tu discurso Ma√±alich nadie lo cree y nadie se conmueve , el gobierno perdi√≥ credibilidad y confianza hace mucho rato , o de lo contrario los santiaguinos nos saldr√≠an en masa  a la quinta regi√≥n y no estar√≠as rogando que se cuiden !! 

 #ElPeorGobiernoDeLaHistoria #Covid_19 https://t.co/3Q3xsJsUNy",1,3,10,0,https://twitter.com/csantander23/status/1263526213810864129/photo/1,es,False,,csantander23,0.961876,0.03333,0.004794,NEG
1263316602088554496,2020-05-21 03:52:03+00:00,1263316602088554496,"Los santiaguinos se pasan a las autoridades por la raja viajando a la quinta regi√≥n 

 #MintieronHastaMatar https://t.co/USeDywTpYw",16,27,5,2,https://twitter.com/csantander23/status/1263316602088554496/photo/1,es,False,,csantander23,0.949965,0.040389,0.009646,NEG
1262605772812410880,2020-05-19 04:47:28+00:00,1262605772812410880,"Cuanta miseria , odio , clasismo y denigraci√≥n hacia la gente que m√°s necesitan !! 
Estoy convencido que nos merecemos todos los que nos pasa !
#Cacerolazo 
 #GuatonesConHambre https://t.co/7esISOusrH",205,604,65,21,https://twitter.com/csantander23/status/1262605772812410880/photo/1,es,False,,csantander23,0.973827,0.021505,0.004668,NEG
1262590500294582273,2020-05-19 03:46:47+00:00,1262590500294582273,"#ElBosqueDesperto #Cacerolazo #GobiernoMiserable 
Hospital el Pino https://t.co/91YMSDJp7Z",90,150,10,4,https://twitter.com/csantander23/status/1262590500294582273/photo/1,es,False,,csantander23,0.86378,0.127726,0.008494,NEG
1262391588283650049,2020-05-18 14:36:23+00:00,1262391588283650049,"En chile necesitamos m√°s Monica Gonz√°lez, Alejandra Matus y menos Pepa Hoffmann 

#ContigoCHV #Bienvenidos13 #cadem https://t.co/0j97yEdTr8",96,314,77,11,https://twitter.com/csantander23/status/1262391588283650049/photo/1,es,False,,csantander23,0.372803,0.531665,0.095532,NEU
1262226903022342145,2020-05-18 03:41:59+00:00,1262226903022342145,"Quien a su parecer est√° manejando mejor la pandemia #COVID„Éº19? 

 #CadenaNacional #Cadem 
 #Pi√±eraEsVerguenzaMundial",449,193,81,20,,es,False,,csantander23,0.861169,0.128714,0.010117,NEG
1262040528264351745,2020-05-17 15:21:24+00:00,1262040528264351745,"Aunque nos les guste ellas son las 3 mujeres que hacen bien la pega! Mientras el gobierno cada vez se tropieza con su soberbia y malas desiciones 

#MesaCentral https://t.co/jb7xifhTG7",1864,6182,1340,213,https://twitter.com/csantander23/status/1262040528264351745/photo/1,es,False,,csantander23,0.863288,0.111632,0.02508,NEG
1261130625161007104,2020-05-15 03:05:46+00:00,1261130625161007104,"Aguante Izkia Siches y Alejandra Matus , el gobierno nefasto las quiere callar y se empe√±a en desmentir todo ! Pero lo que hace es que uds tengan m√°s credibilidad ! 

#IzkiaNoMiente #ElGobiernoMiente 
Registro Civil 
 #CagamosPorCulpaDePi√±era https://t.co/RASZpyaNsO",347,774,58,17,https://twitter.com/csantander23/status/1261130625161007104/photo/1,es,False,,csantander23,0.951123,0.043236,0.005641,NEG
1261088749796106242,2020-05-15 00:19:22+00:00,1261088749796106242,"A Izkia Siches la han tratado DE NEGRA, COMUNISTA , MAPUCHE , LA HAN AMENZADO DE MUERTE , PERO LE TAPO LA BOCA UNA VEZ M√ÅS AL GOBIERNO !! 

ELLA TEN√çA LA RAZ√ìN AUNQUE LES DUELA !! 

 #CagamosPorCulpaDePi√±era 
 #IzkiaNoMiente",192,447,67,13,,es,False,,csantander23,0.924176,0.063197,0.012627,NEG
1261054139452329989,2020-05-14 22:01:50+00:00,1261054139452329989,"Quien debe tener la vocer√≠a oficial de la pandemia #COVID„Éº19 ?

RT 
Izkia Siches 
Jaime Ma√±alich 

#HolaChileLaRed 
#CuarentenaTOTALChile  #CagamosPorCulpaDePi√±era",622,232,124,41,,es,False,,csantander23,0.700049,0.283802,0.016149,NEG
1260357358867357697,2020-05-12 23:53:05+00:00,1260357358867357697,"Ud por quien votar√≠a para presidente de chile ? 

RT 
#NuevaNormalidad  #BancadaSuperRicos
 #CuarentenaTotalAhora
 #IngresoDeEmergencia",488,224,243,37,,es,False,,csantander23,0.1621,0.721881,0.116019,NEU
1260041849424752640,2020-05-12 02:59:22+00:00,1260041849424752640,"Ud a quien prefiere ? 
RT     Izkia Siches 
FAV.  Jaime Ma√±alich 

#NosEstanMatando #SistemaColapsado 
 #NoMatenAlPersonalDeSalud 
 #MVEnTerreno https://t.co/G5NLTndj4j",221,1461,131,23,https://twitter.com/csantander23/status/1260041849424752640/photo/1,es,False,,csantander23,0.593232,0.384272,0.022496,NEG
1259996437997400066,2020-05-11 23:58:55+00:00,1259996437997400066,"Mi respeto a Gloria Pinto param√©dico del hospital San Jos√© cuando desmiente al gobierno sobre el manejo del Coronavirus !! 

DONDE EST√ÅN LOS VENTILADORES MEC√ÅNICOS QUE TANTO MENCIONAN 

#NosEstanMatando #SistemaColapsado 
 #NoMatenAlPersonalDeSalud https://t.co/noVLFyWGv9",10,14,19,5,https://twitter.com/csantander23/status/1259996437997400066/photo/1,es,False,,csantander23,0.957991,0.037263,0.004747,NEG
1259732965820596224,2020-05-11 06:31:58+00:00,1259732965820596224,"Cuanta raz√≥n tiene Alejandra Matus con sus investigaci√≥n sobre los colapsos en los Hospitales !! 
Hoy lo podemos ver con la persona de 34 a√±os fallecido en el Hospital San Jos√© , Pero para el gobierno est√° todo controlado, sigamos con la nueva normalidad 
ü§¶‚Äç‚ôÇÔ∏èü§¶‚Äç‚ôÇÔ∏è
#NosEstanMintiendo",4,6,6,1,,es,False,,csantander23,0.963665,0.031117,0.005217,NEG
1259732513964068865,2020-05-11 06:30:10+00:00,1259732513964068865,"Colapso en el Hospital San Jos√© y quiz√°s en cuanto m√°s , sigan saliendo a vitriniar a las tiendas , hacer vida social en las plazas, a tomarse un cafecito ! Esto no es un juego ! #NosEstanMatando ! 

El gobierno miente !! El auto cuidado es muy importante !",6,14,6,0,,es,False,,csantander23,0.933581,0.060713,0.005706,NEG
1259684977589063681,2020-05-11 03:21:17+00:00,1259677481579274247,#MasterChefCelebrity,0,0,0,0,,qht,False,1473698912.0,csantander23,0.141974,0.643474,0.214552,NEU
1259677481579274247,2020-05-11 02:51:29+00:00,1259677481579274247,"Ud a que Chef prefiere ? 

RT.    Fernanda 
FAV.  Carpentier 

 #DulceRetoEnMC https://t.co/Dylb7fcoFv",359,48,11,6,https://twitter.com/csantander23/status/1259677481579274247/photo/1,es,False,,csantander23,0.06278,0.78174,0.15548,NEU
1259530934614994944,2020-05-10 17:09:10+00:00,1259530934614994944,"Garin y Mayol en picada contra Giorgio  Jackson 

Para ud 
Giorgio Jackson es un aporte a la Pol√≠tica Chilena ? 

RT.    NO
FAV.  SI

#MesaCentral #Cadem https://t.co/DdRs1PGSdD",516,125,57,23,https://twitter.com/csantander23/status/1259530934614994944/photo/1,es,False,,csantander23,0.532111,0.445184,0.022705,NEG
1259462069994340355,2020-05-10 12:35:31+00:00,1259462069994340355,"Ud en octubre va a votar Apruebo o Rechazo una #NuevaConstitucion para chile ? 

RT 
#MesaCentral #Cadem 
 #NoAlPlebiscito #SiAlPlebiscito",554,220,55,23,,es,False,,csantander23,0.165685,0.748569,0.085746,NEU
1259290660735238152,2020-05-10 01:14:24+00:00,1259290660735238152,"Ud a quien le cree ? 

RT.   Cesar Pinares 
FAV. Carabineros https://t.co/dbpHywH9Is",140,95,13,1,https://twitter.com/csantander23/status/1259290660735238152/photo/1,es,False,,csantander23,0.319572,0.612514,0.067914,NEU
1258731963566960640,2020-05-08 12:14:20+00:00,1258731963566960640,"Encuesta Criteria : 

¬øqui√©n te gustar√≠a que fuera el pr√≥ximo presidente de Chile despu√©s de Sebasti√°n Pi√±era?

RT",553,256,192,32,,es,False,,csantander23,0.121045,0.723785,0.15517,NEU
1258621323657519104,2020-05-08 04:54:42+00:00,1258621323657519104,"La Eliana de Verdades Oculta !
Junta miedo ctm 

 #MeaCulpaTVN https://t.co/QoPDNn73Km",6,32,2,0,https://twitter.com/csantander23/status/1258621323657519104/photo/1,es,False,,csantander23,0.799243,0.161115,0.039642,NEG
1258593282797510656,2020-05-08 03:03:16+00:00,1258593282797510656,"Quien es m√°s nefasto ? 

RT.   Carlos Larrain 
FAV. Francisco Vidal 
#CarlosLarrainMV #ChileCesante https://t.co/VCE4cMieR2",23,74,9,2,https://twitter.com/csantander23/status/1258593282797510656/photo/1,es,False,,csantander23,0.870325,0.123373,0.006302,NEG
1258546364813729792,2020-05-07 23:56:50+00:00,1258546364813729792,"CENCOSUD SE RETRACTA Y NO SE ACOJE A LA LEY DE PROTECCI√ìN AL EMPLEO DONDE SE HIZO P√öBLICO QUE SE REPARTIRIAN LA MILLONARIAS UTILIDADES, RIPLEY NO PUEDE PAGAR SUELDOS A SUS TRABAJADORES PERO SI LES OFRECE PR√âSTAMOS, MUY SOLIDARIOS 

SON MUY CARE RAJAS Y SINVERGUENZA 
#ChileCesante",13,9,1,0,,es,False,,csantander23,0.971022,0.023897,0.005081,NEG
1258430877379551233,2020-05-07 16:17:56+00:00,1258430877379551233,"PORQUE NO AVERIGUAN COMO SE SE LLAMA EL MEDIO HERMANO DE PAREDES Y LO COLOCAN EN EL GC Y DEJAN DE COLOCAR EL NOMBRE DE ESTEBAN PAREDES QUE NO TUVO NADA QUE VER CON EL ASALTO 

#ContigoCHV https://t.co/2dy7INoV1H",14,32,11,1,https://twitter.com/csantander23/status/1258430877379551233/photo/1,es,False,,csantander23,0.844794,0.144833,0.010373,NEG
1258199611560296448,2020-05-07 00:58:58+00:00,1258199611560296448,"Ministra Zald√≠var reconoce ser accionista de Cencosud !! 

Me retiro Lentamente 

#CuarentenaExtendida #NoTenemosMinistra 
 #MinistraDeLaDictadura 

@FrenteRebeldes @_PuebloInforma @AnonClLegion https://t.co/M5Hrw4IbmH",14,3,1,3,https://twitter.com/csantander23/status/1258199611560296448/photo/1,es,False,,csantander23,0.847253,0.142326,0.010421,NEG
1258193020157116418,2020-05-07 00:32:46+00:00,1258193020157116418,"Para reprimir y golpear los Pacos asesinos a las hortaliceras en Temuco son buenos , pero para atrapar ayer a un delincuente en el banco santander no pudieron , se les escap√≥ ! 

#CuarentenaExtendida #NoTenemosMinistra 
 #MinistraDeLaDictadura https://t.co/0xQ69OuZCk",12,5,1,0,https://twitter.com/csantander23/status/1258193020157116418/photo/1,es,False,,csantander23,0.911548,0.077884,0.010568,NEG
1257900957196791808,2020-05-06 05:12:13+00:00,1257900957196791808,Aproveche y vea una excelente serie como  #TheGoodDoctor basta de teleseries repetidas !  #LaDistraccionDeShaun https://t.co/L7ISSIuXLN,3,27,1,0,https://twitter.com/csantander23/status/1257900957196791808/photo/1,es,False,,csantander23,0.152938,0.534293,0.312769,NEU
1257849561793671168,2020-05-06 01:47:59+00:00,1257849561793671168,"Los √∫nicos bomberos que nos averg√ºenza ! 
 #BomberosSinRecorte 
#DietaParlamentaria 
#AprueboCuarentenaTotal #ConLosBomberosNo
 #NoAlRecortePresupuestario https://t.co/F84nRKW2Ae",43,59,2,2,https://twitter.com/csantander23/status/1257849561793671168/photo/1,es,False,,csantander23,0.705111,0.27263,0.02226,NEG
1257835903143350276,2020-05-06 00:53:43+00:00,1257835903143350276,"Cual de las 2 instituci√≥n es m√°s confiable para ud ? 

RT.   Bomberos
FAV. Carabineros 

 #BomberosSinRecorte 
#DietaParlamentaria 
#AprueboCuarentenaTotal #ConLosBomberosNo https://t.co/yG6asjeAKD",49,18,2,1,https://twitter.com/csantander23/status/1257835903143350276/photo/1,es,False,,csantander23,0.167847,0.778179,0.053974,NEU
1257827694483554304,2020-05-06 00:21:06+00:00,1257827694483554304,"Cual de los siguientes se√±ores es un aporte para la pol√≠tica chilena 

#DietaParlamentaria 
Diego Schalper 
Giorgio Jackson 
To√±o Coloma 
Pamela Jiles

 #AprueboCuarentenaTotal",165,59,46,5,,es,False,,csantander23,0.198184,0.723898,0.077917,NEU
1257764552680374272,2020-05-05 20:10:12+00:00,1257764552680374272,"A CARABINEROS SE LE ESCAPA EL DELINCUENTE QUE ASALT√ì Y TOM√ì REHENES EN EL BANCO SANTANDER DE INDEPENDENCIA , PERO ENV√çENLOS A REPRIMIR MANIFESTACIONES EN PLAZA DIGNIDAD, A REPRIMIR A HORTALICERAS EN TEMUCO O A REPRIMIR A LOS ESTUDIANTES !! https://t.co/Xgs1369Hf7",11,21,4,1,https://twitter.com/csantander23/status/1257764552680374272/photo/1,es,False,,csantander23,0.886713,0.09707,0.016216,NEG
1257699266128228359,2020-05-05 15:50:46+00:00,1257699266128228359,"Cual es el alcalde M√°s Populista ? 
RT 

 #FueraAlcaldesPopulistas",25,8,7,4,,es,False,,csantander23,0.536036,0.426054,0.03791,NEG
1257527277761544192,2020-05-05 04:27:21+00:00,1257527277761544192,"Quien debe liderar las medidas para superar el coronavirus ? 
Sichel 
Blumel 
Ma√±alich
Siches 
RT

#CrisisSanitariaMV #ContigoCHV #PoliticasDeMuerte #Bienvenidos13",360,126,41,14,,es,False,,csantander23,0.607541,0.35872,0.033739,NEG
1257346343279919111,2020-05-04 16:28:23+00:00,1257346343279919111,"@sebasugarte mi mam√° lo ama üíöüíö ve el matinal por ud ! 

Saludos",0,0,0,0,,es,False,238787435.0,csantander23,0.015748,0.21819,0.766063,POS
1257322603808567304,2020-05-04 14:54:03+00:00,1257321095125856257,@hernan_sr Que eres malo con la weli ! Pero igual cuando la escuche comenc√© a re√≠r ! ü§≠ü§≠ü§≠,0,1,0,0,,es,False,34992710.0,csantander23,0.451755,0.509884,0.038361,NEU
1257182032964325376,2020-05-04 05:35:28+00:00,1257182032964325376,"Cadem 

Ud va a votar Apruebo o Rechazo por  #NuevaConstitucionParaChile ? 

RT",409,131,39,14,,es,False,,csantander23,0.145776,0.733127,0.121097,NEU
1257156475308388352,2020-05-04 03:53:55+00:00,1257156475308388352,"Ud a quien Prefiere ? 

RT.   Chef Fernanda 
FAV. Chef Carpentier 

 #MasterChefCelebrity https://t.co/Xau9YaYxRg",189,41,6,2,https://twitter.com/csantander23/status/1257156475308388352/photo/1,es,False,,csantander23,0.11133,0.741833,0.146837,NEU
1257104435249061890,2020-05-04 00:27:07+00:00,1257104435249061890,"Si hoy fueran las elecciones Presidenciales uds por quien votar√≠a ? 

RT 
 #CurvaDeMentiras #cadem #Cuarentena #CuarentenaTotal",229,114,916,97,,es,False,,csantander23,0.281708,0.670801,0.047491,NEU
1256779521925296129,2020-05-03 02:56:02+00:00,1256767100514902016,"@michaelarjel Trabajo en Falabella y tuvimos fila todo el d√≠a para entrar , gente paseando como si nada, productos de primera necesidad , led , iPad, celulares, planchas de pelo, sandwicheras ü§¶‚Äç‚ôÇÔ∏è impresionante la gente irresponsable !!",0,0,0,0,,es,False,850536320.0,csantander23,0.917675,0.074884,0.007442,NEG
1256758627295203331,2020-05-03 01:33:00+00:00,1256758627295203331,"Ud quien prefiere ? 

RT.    Claudio Palma 
FAV.  Pedro Carcuro https://t.co/4mSLgTYnfx",397,1911,219,21,https://twitter.com/csantander23/status/1256758627295203331/photo/1,es,False,,csantander23,0.110398,0.791972,0.09763,NEU
1256444574110711808,2020-05-02 04:45:04+00:00,1256444574110711808,"√önica , grande y nuestra Monica Rinc√≥n @tv_monica üíö üëë",0,6,5,7,,es,False,,csantander23,0.045416,0.335968,0.618616,POS
1256413668008476673,2020-05-02 02:42:16+00:00,1256413668008476673,"Los Pacos son asesinos y torturadores ? 

RT 

@_PuebloInforma @FrenteRebeldes

 #Cacerolazo",547,161,211,61,,es,False,,csantander23,0.360384,0.556761,0.082855,NEU
1256385807637786624,2020-05-02 00:51:33+00:00,1256381874336935937,@hernan_sr Mauricio Rojas ü§≠,0,0,0,0,,es,False,34992710.0,csantander23,0.060484,0.861878,0.077638,NEU
1255691961396330506,2020-04-30 02:54:27+00:00,1255691961396330506,"Evelyn Juliette O√±ate Cama√±o Rut. 12.983.101-4 es la vieja asquerosa enferma de residencia NIDO de hualpen del SENAME que facilitaba a ni√±os vulnerables para que fueran abusados sexualmente a cambio de DINERO.

 #HogarDeHorrores https://t.co/kj6H68blnn",188,62,29,26,https://twitter.com/csantander23/status/1255691961396330506/photo/1,es,False,,csantander23,0.855286,0.135507,0.009208,NEG
1254584908833525760,2020-04-27 01:35:25+00:00,1254584908833525760,"Cadem :

Quien a su parecer tiene m√°s credibilidad ? 

#ElpeorPresidentedelMundo
 #ElAprueboDaPaliza #Cacerolazo",521,188,64,23,,es,False,,csantander23,0.838132,0.15082,0.011049,NEG
1254578326146031617,2020-04-27 01:09:16+00:00,1254578326146031617,"Cadem :

Si las elecciones Presidenciales fueran el proximo domingo ud por cual candidato votar√≠a ? 

RT 
#ElpeorPresidentedelMundo
 #ElAprueboDaPaliza",516,242,85,30,,es,False,,csantander23,0.414574,0.549313,0.036112,NEU
1254565314244890626,2020-04-27 00:17:34+00:00,1254565314244890626,"Ud en Octubre votar√° ? 

#Apruebo o #Rechazo 

#ElpeorPresidentedelMundo
 #ElAprueboDaPaliza #Cadem",494,187,70,24,,es,False,,csantander23,0.54023,0.43073,0.02904,NEG
1253488997000720384,2020-04-24 01:00:40+00:00,1253488997000720384,"Ud a quien prefiere como ministr@ de Salud ? 

Izkia Siches 
Jaime Ma√±alich 

 #ConEl10XCientoParamosLaOlla",949,451,206,61,,es,False,,csantander23,0.429996,0.506006,0.063998,NEU
1253473557952303104,2020-04-23 23:59:19+00:00,1253473557952303104,"Tanto odio hacia la Presidenta del Colegio M√©dico Izkia Siches me sorprende !! ü§¶‚Äç‚ôÇÔ∏èü§¶‚Äç‚ôÇÔ∏èü§¶‚Äç‚ôÇÔ∏è
Ah√≠ nos podemos dar cuenta lo miserable que puede ser el ser humano , un poco de empat√≠a !!

 #ConEl10XCientoParamosLaOlla https://t.co/aCXHWzeL7Z",12,9,15,1,https://twitter.com/csantander23/status/1253473557952303104/photo/1,es,False,,csantander23,0.955633,0.03402,0.010346,NEG
1253334349182677003,2020-04-23 14:46:09+00:00,1253334349182677003,"Los matinales festinando con los cit√© de Quilicura y Estaci√≥n Central 
Me hubiera gustado que ese mismo trato hubiera sido con el Zorron que viajo de Stgo a Temuco y la cuica que fue al jumbo! 

Basta de xenofobia, discriminacion y morbo
#BuenosDiasTVN #ContigoCHV #Bienvenidos13 https://t.co/2N9kfMqONu",11,18,4,1,https://twitter.com/csantander23/status/1253334349182677003/photo/1,es,False,,csantander23,0.896804,0.089783,0.013413,NEG
1252285531339345921,2020-04-20 17:18:31+00:00,1252285531339345921,"Se acuerdan de la pelea de Cathy Barriga y Jaime Ma√±alich cuando el Ministro la trat√≥ de mentirosa ? 
El certificado de Defunci√≥n le da la raz√≥n a la Alcaldesa , la vecina de maipu efectivamente falleci√≥ por #COVID„Éº19 

#NuevaNormalidad
 #TrabajenFlojos
@AnonClLegion https://t.co/om4bYgJ49D",139,113,14,10,https://twitter.com/csantander23/status/1252285531339345921/photo/1,es,False,,csantander23,0.851843,0.138792,0.009364,NEG
1252048161591394304,2020-04-20 01:35:18+00:00,1252048161591394304,"Levante la mano üôã‚Äç‚ôÄÔ∏èüôã‚Äç‚ôÇÔ∏è los que cree que Pi√±era pasar√° a la historia como el Peor Presidente 

 #CadenaNacional #Cadem #CuidemonosEntreTodos https://t.co/LyFtIMBNSQ",279,2099,243,32,https://twitter.com/csantander23/status/1252048161591394304/photo/1,es,False,,csantander23,0.630033,0.337818,0.032149,NEG
1252023976043384834,2020-04-19 23:59:12+00:00,1252023976043384834,"Levante la mano los que creen que Ma√±alich es un soberbio , mentiroso , nefasto !

 #Ma√±alichDejaDeMentir #CadenaNacional #Cadem #Ventiladores",46,169,30,8,,es,False,,csantander23,0.754532,0.227116,0.018352,NEG
1251159052895174656,2020-04-17 14:42:18+00:00,1251159052895174656,"Ni Perd√≥n Ni Olvido lo que hizo Ma√±alich con Rosa Oyarce !! 

Desvincularla por cerrar el compin cuando era un foco de #Covid_19 

Por instalarse en el aeropuerto ‚Äúde forma preventiva y oportuna para informar sobre el #Covid_19 https://t.co/pHsqFnnGi8",23,44,7,1,https://twitter.com/csantander23/status/1251159052895174656/photo/1,es,False,,csantander23,0.885445,0.104507,0.010048,NEG
1250953863114493955,2020-04-17 01:06:57+00:00,1250953863114493955,"A su parecer Cual de los se√±ores es una verg√ºenza , es pat√©tico y nefasto 

 #EstadoDeHambruna",45,21,147,10,,es,False,,csantander23,0.977271,0.018844,0.003884,NEG
1250953449866485762,2020-04-17 01:05:18+00:00,1250953449866485762,"M√°s periodista como Andr√©s Vial donde las declaraciones del Presidente de la C√°mara de Comercio de Santiago Carlos Soublette son un MAMARRACHO 
 #EstadoDeHambruna
‚¨áÔ∏è‚¨áÔ∏è‚¨áÔ∏è‚¨áÔ∏è‚¨áÔ∏è https://t.co/5xjEy9j2Ju",71,112,3,5,https://twitter.com/csantander23/status/1250953449866485762/video/1,es,False,,csantander23,0.921095,0.073477,0.005428,NEG
1250495177048850438,2020-04-15 18:44:17+00:00,1250424170212556801,@hernan_sr Ahora se arreglo las tendencias ! üôå,0,0,1,0,,es,False,34992710.0,csantander23,0.003766,0.091759,0.904475,POS
1250489182662901762,2020-04-15 18:20:28+00:00,1250489182662901762,"Juzgue ud las foto , 
La discriminacion de la televisi√≥n chilena.-

- Foto 1 ) Mujer con #COVID2019 positivo en Plaza de Arma la prensa muestra su rostro 

-Foto 2 ) Cuico en un Jumbo sin mascarilla y guantes, le protegen la identidad  
ü§¶‚Äç‚ôÇÔ∏èü§¶‚Äç‚ôÇÔ∏èü§¶‚Äç‚ôÇÔ∏è 
Ley pareja no es dura se√±ores https://t.co/OYOX6XjwNt",576,574,83,37,https://twitter.com/csantander23/status/1250489182662901762/photo/1,es,False,,csantander23,0.928274,0.065585,0.006141,NEG
1250425277512994817,2020-04-15 14:06:32+00:00,1250424170212556801,@hernan_sr Pens√© que solamente me pasaba a mi üòã,0,0,1,0,,es,False,34992710.0,csantander23,0.212201,0.608206,0.179593,NEU
1250413198718763008,2020-04-15 13:18:32+00:00,1250413198718763008,"Levante la mano üôã‚Äç‚ôÇÔ∏èüôã‚Äç‚ôÄÔ∏è lo que creen que Ma√±alich es un soberbio , mentiroso, hace creer que tenemos la mejor salud del mundo , solo basta con ir a los hospitales a ver c√≥mo la gente est√° hacinada por retirar sus remedios ü§¶‚Äç‚ôÇÔ∏èü§¶‚Äç‚ôÇÔ∏èü§¶‚Äç‚ôÇÔ∏è

#COVID2019chile #Bienvenidos13 #ContigoCHV",77,410,130,12,,es,False,,csantander23,0.901819,0.088786,0.009396,NEG
1250270497167699968,2020-04-15 03:51:30+00:00,1250270497167699968,"Vean #TheGoodDoctorTVN es una tremenda serie ! Basta de teleseries y series repetidas 

 #lasdudasdemelendez",3,19,3,0,,es,False,,csantander23,0.544048,0.33552,0.120432,NEG
1249914358584483843,2020-04-14 04:16:20+00:00,1249913643694804993,@eldelpancho üåöüåöcarbonizado,0,0,0,0,,es,False,161440811.0,csantander23,0.101067,0.786366,0.112566,NEU
1249913643694804993,2020-04-14 04:13:29+00:00,1249913643694804993,"Dejo esto por ac√° y me retiro lentamente 
üòçüòçüòç 
 #ShaunAlLimite https://t.co/MFCQ3jozJf",0,10,3,0,https://twitter.com/csantander23/status/1249913643694804993/photo/1,es,False,,csantander23,0.140435,0.703778,0.155787,NEU
1249872220895264768,2020-04-14 01:28:53+00:00,1249872220895264768,"RT @NachoOrtega: ‚ÄúTambi√©n estamos pensando en suprimir la ley de la silla y el fuero maternal‚Äù, agregaron.",145,0,0,0,,es,False,,csantander23,0.291248,0.635505,0.073246,NEU
1249544883934769152,2020-04-13 03:48:10+00:00,1249543425583656962,@david_cuadra Sory pero igual buena semana üôå,0,1,0,0,,es,False,42485388.0,csantander23,0.004421,0.082679,0.9129,POS
1249543744761839616,2020-04-13 03:43:38+00:00,1249543425583656962,@david_cuadra Buena semana doc !üôåüôå,0,1,1,0,,es,False,42485388.0,csantander23,0.013459,0.213468,0.773074,POS
1249534776119300096,2020-04-13 03:08:00+00:00,1249534776119300096,"Ud a quien Prefiere ? 

Dra Izkia 
Dr Ma√±alich 

Cadem 
#enacional",568,246,118,30,,es,False,,csantander23,0.350697,0.603086,0.046218,NEU
1249362364312453121,2020-04-12 15:42:54+00:00,1249362364312453121,"Levante las manos üôã‚Äç‚ôÄÔ∏èüôã‚Äç‚ôÇÔ∏è los que cuando se supere la Pandemia #Covid_19 va a salir a las calles por los abusos de 

-Las Isapres
-El Gobierno de Pi√±era 
-Las Farmacias 
-Las AFP
-Liberaci√≥n de los Asesinos de Punta Peuco 

Cadem
#MesaCentral",599,2674,585,75,,es,False,,csantander23,0.817664,0.16354,0.018796,NEG
1249195661083455489,2020-04-12 04:40:29+00:00,1249195661083455489,"AV√çSENLE AL MINISTRO DE JUSTICiA QUE EST√ÅN DANDO Colonia Dignidad 
QUE NO SEA OLVIDON https://t.co/jBtrd1r0gk",17,32,4,0,https://twitter.com/csantander23/status/1249195661083455489/photo/1,es,False,,csantander23,0.660995,0.303874,0.035131,NEG
1249129621620174849,2020-04-12 00:18:04+00:00,1249129621620174849,"Cual prefiere ud ? 

RT.    Pepsi
FAV.  Coca Cola https://t.co/DzPlAREEtU",86,162,8,2,https://twitter.com/csantander23/status/1249129621620174849/photo/1,es,False,,csantander23,0.070859,0.835175,0.093965,NEU
1249104949985914882,2020-04-11 22:40:01+00:00,1249090736404008961,@Pajarobere üòç,0,0,0,0,,qme,False,168306147.0,csantander23,0.013249,0.091204,0.895547,POS
1248803319063207936,2020-04-11 02:41:27+00:00,1248803319063207936,"Levanten la mano üôã‚Äç‚ôÄÔ∏èüôã‚Äç‚ôÇÔ∏è los que ver√°n la segunda parte de
 #JesusDeNazarethTVN",5,49,1,1,,es,False,,csantander23,0.067826,0.461774,0.470399,POS
1248728689497575426,2020-04-10 21:44:54+00:00,1248728689497575426,"Levante la mano los que no se pierden ningun a√±o  #JesusDeNazarethTVN 

#SemanaSantaEnTVN",6,79,12,0,,es,False,,csantander23,0.082847,0.610696,0.306457,NEU
1248713711709237250,2020-04-10 20:45:23+00:00,1248713711709237250,"Hoy Dar√°n #JesusDeNazareth por TVN y adivinen quien es el personaje principal ! 

 #SemanaSantaEnTVN https://t.co/ubm5wbcE0f",17,36,7,1,https://twitter.com/csantander23/status/1248713711709237250/photo/1,es,False,,csantander23,0.073393,0.587508,0.339098,NEU
1248638226736300033,2020-04-10 15:45:26+00:00,1248638226736300033,"Juzgue ud 

 #NoEntendieronNada #SemanaSanta #QuedateEnCasa¬†¬†Caleta Portales 
#CuicosCuliaos #Bienvenidos13 #ViernesSanto
 #COVID„Éº19Chile https://t.co/mljsPkpr84",60,81,64,15,https://twitter.com/csantander23/status/1248638226736300033/video/1,es,False,,csantander23,0.746793,0.233879,0.019328,NEG
1248456673817059328,2020-04-10 03:44:00+00:00,1248456192726192129,@hernan_sr Nos merecemos todo lo que nos est√° pasando !! Gente irresponsable ü§¶‚Äç‚ôÇÔ∏è,0,0,0,0,,es,False,34992710.0,csantander23,0.983719,0.011559,0.004722,NEG
1248278100145852416,2020-04-09 15:54:25+00:00,1248278100145852416,"@clarochile_cl 
Todos los d√≠as a las 11:50 queda el servicio de cable pegado , as√≠ debo esperar media hora para que se normalice ! Esto est√° pasando hace 2 semanas https://t.co/eZHvUExI0P",0,0,0,0,https://twitter.com/csantander23/status/1248278100145852416/photo/1,es,False,120118935.0,csantander23,0.93846,0.056656,0.004884,NEG
1248007733808254976,2020-04-08 22:00:05+00:00,1248004796411334658,"@hernan_sr Hace media hora vengo de Melipilla que tuve m√©dico a mi domicilio en san Antonio y me hicieron dos controles , carabineros y militares hac√≠an parar a todos los autos , la autopista estaba expedita !! Me parece raro esa foto de la entrada a san Antonio",0,2,0,0,,es,False,34992710.0,csantander23,0.670566,0.29922,0.030214,NEG
1247741229770526720,2020-04-08 04:21:05+00:00,1247741229770526720,"Como hay gente que no aprovecha de ver una serie tan buena como #TheGoodDoctorTVN y ve teleserie repetidas 
ü§¶‚Äç‚ôÇÔ∏èü§¶‚Äç‚ôÇÔ∏è

 #DoctorMurphyAprueba",10,65,0,1,,es,False,,csantander23,0.843234,0.140477,0.016289,NEG
1247191555234029568,2020-04-06 15:56:53+00:00,1247191555234029568,"@clarochile_cl estimados buenas tardes , favor su ayuda , todos los d√≠as quedo sin servicio de cable por lo menos media hora , esto se est√° haciendo recurrente ! Debemos seguir las instrucciones y no pasa nada y a la media hora vuelve todo normal https://t.co/InxQxkjCtv",0,0,1,0,https://twitter.com/csantander23/status/1247191555234029568/photo/1,es,False,120118935.0,csantander23,0.856805,0.130447,0.012748,NEG
1247161737867976707,2020-04-06 13:58:24+00:00,1247161737867976707,"Cadem 

Ud est√° a favor o en contra que se entregue indulto a reos enfermos de Punta Peuco ?",529,218,87,28,,es,False,,csantander23,0.613439,0.349042,0.037519,NEG
1246623563748122625,2020-04-05 02:19:53+00:00,1246623563748122625,"UNA PENA QUE A√öN HAY GENTE QLA IRRESPONSABLE QUE SIGUE EN LA CALLES COMO SI NO PASARA NADA ! 
NO DIMENSIONAN LO MALO QUE ES ESTA PANDEMIA !

AGUANTE LOS FUNCIONARIOS M√âDICOS !! SON NUESTROS H√âROES 

 #teletonchile #CuarentenaTotal #Teleton2020",29,79,12,1,,es,False,,csantander23,0.969241,0.025566,0.005192,NEG
1245736417952702465,2020-04-02 15:34:41+00:00,1245572118454009860,@hectormorals I love you ‚ù§Ô∏è,0,0,0,0,,en,False,78434742.0,csantander23,0.056321,0.187917,0.755762,POS
1245491003106168834,2020-04-01 23:19:29+00:00,1245491003106168834,"Se busca a Barbara Figueroa Pdta de la CUT d√≠ganle que el gobierno est√° cagando a los trabajadores como quiere !

#NiUnPesoALaCruzRoja #COVID„Éº19 
#NoNosRobenElSueldo #noticias24 
 #OperacionRenta2020 https://t.co/xnP8T2tgez",515,694,108,34,https://twitter.com/csantander23/status/1245491003106168834/photo/1,es,False,,csantander23,0.844118,0.142748,0.013134,NEG
1245371345250238466,2020-04-01 15:24:01+00:00,1245370347244969986,@chicoscl Lindo üòòüíö,0,0,0,0,,pt,False,7387172.0,csantander23,0.041604,0.35278,0.605616,POS
1245099559707185153,2020-03-31 21:24:02+00:00,1245099559707185153,"Levante las manos üôã‚Äç‚ôÄÔ∏èüôã‚Äç‚ôÇÔ∏è los que cuando se supere la Pandemia #Covid_19 va a salir a las calles por los abusos de 

-Las Isapres
-El Gobierno
-Las Farmacias 
-Las AFP

#permisosdecirculacion2020 #EmergenciaSanitaria #COVID„Éº19 
 #QueSeVayanTodos",525,2032,450,67,,es,False,,csantander23,0.840426,0.14715,0.012424,NEG
1244978250306277383,2020-03-31 13:22:00+00:00,1244978250306277383,"Ley #PermisoDeCirculacion2020 mal hecha 
-Gob. da la espalda a los trabajadores en cuarentena 
-Cotizantes con P. Millonarias en las AFP 
-Empresas No Pagan sueldos a trabajadores en cuarentena 

Estadillo social 2.0 con todo 

#Bienvenidos13 #ContigoCHV Moreira #COVID„Éº19Chile",16,31,14,2,,es,False,,csantander23,0.920571,0.073461,0.005967,NEG
1244965747320918016,2020-03-31 12:32:19+00:00,1244965747320918016,"Quien es el m√°s soberbio , Nefast@ care raja y sinverg√ºenza ? 

Iv√°n Moreira
Jaime Ma√±alich 
Jacqueline Van Rysselberghe 

#Bienvenidos13 #PermisoDeCirculacion 
#COVID„Éº19Chile",117,71,1146,96,,es,False,,csantander23,0.893161,0.09892,0.007919,NEG
1244814424902377472,2020-03-31 02:31:01+00:00,1244814424902377472,"RT.    Mon Laferte
FAV.  Alberto Plaza https://t.co/72Q42lAfkx",676,3083,233,33,https://twitter.com/csantander23/status/1244814424902377472/photo/1,es,False,,csantander23,0.081209,0.742009,0.176782,NEU
1244803490632871937,2020-03-31 01:47:34+00:00,1244803490632871937,Quiero ver  #PerdonaNuestrosPecados y adivinen quien es el protagonista https://t.co/Qj68usqz7B,10,68,1,0,https://twitter.com/csantander23/status/1244803490632871937/photo/1,es,False,,csantander23,0.285992,0.647659,0.066348,NEU
1244630773459755008,2020-03-30 14:21:15+00:00,1244630773459755008,"Quien deber√≠a ser la o el Ministro de Salud ?  

 Cadem 
Pulso Ciudadano 
Encuesta Criteria Research
#ContigoCHV 
#Bienvenidos13",502,213,102,41,,es,False,,csantander23,0.288822,0.639193,0.071985,NEU
1244612459643764744,2020-03-30 13:08:28+00:00,1244612459643764744,"Independiente de su posici√≥n pol√≠tica 
¬øUd aprueba o deasaprueba como Pi√±era est√° manejando el Pa√≠s ?

Cadem 
Pulso Ciudadano
#ContigoCHV 
#Bienvenidos13",107,36,17,4,,es,False,,csantander23,0.553825,0.415517,0.030658,NEG
1244061436961329153,2020-03-29 00:38:54+00:00,1244061436961329153,"Argentino predice que luego de superar el  #Covid_19 en chile se viene m√°s fuerte que nunca el estadillo social 2.0 por el descontento de la ciudadan√≠a con el gobierno 
RT 
#NoDanElAncho #DerogarDL3500 #CuarentenaCoronavirus #cuarentenahoy https://t.co/uc79BIhC4Z",14,10,16,4,https://twitter.com/csantander23/status/1244061436961329153/video/1,es,False,,csantander23,0.822577,0.165712,0.011711,NEG
1244052093306109953,2020-03-29 00:01:47+00:00,1244052093306109953,"Como eval√∫a ud al Gobierno y al Ministro Ma√±alich el manejo de la Pandemia #Covid_19 en chile ? 

#NoDanElAncho #DerogarDL3500 #CuarentenaCoronavirus #cuarentenahoy",469,188,68,19,,es,False,,csantander23,0.698191,0.282674,0.019135,NEG
1243952672056791040,2020-03-28 17:26:43+00:00,1243952672056791040,"Qu√© pas√≥ ministro Ma√±alich que tuvo que salir escondido y escoltado por carabineros en #BajosDeMena en Puente Alto ? 
Ser√° que no est√° haciendo la cosas bien y la gente ya no le cree ?  

#Covid_19 #CODVID19 
 #CuarentenaCoronavirus
Codina https://t.co/8voQfrRFPo",25,25,28,3,https://twitter.com/csantander23/status/1243952672056791040/video/1,es,False,,csantander23,0.849454,0.143497,0.007049,NEG
1243926667246161925,2020-03-28 15:43:23+00:00,1243926667246161925,"Quien deber√≠a ser la o el Ministro de Salud ? 

Izkia Siches 
Enrique Paris 
Jaime Ma√±alich 

 #Covid_19 #CODVID19 #covid19chile 
#CuarentenaNacional 
 #CuarentenaCoronavirus",489,189,137,35,,es,False,,csantander23,0.316155,0.629234,0.054611,NEU
1243748200642641921,2020-03-28 03:54:13+00:00,1243748200642641921,"Quien es mas dura para el concurso ? 

RT.   Luc√≠a Hiriart 
FAV. Reina Isabel 

Publimetro https://t.co/8U2mIgx7If",164,119,19,4,https://twitter.com/csantander23/status/1243748200642641921/photo/1,es,False,,csantander23,0.098536,0.783915,0.117549,NEU
1243653936634044416,2020-03-27 21:39:39+00:00,1243604253396086792,@chicoscl Guapo üòçüíö,0,0,1,0,,es,False,7387172.0,csantander23,0.052544,0.358093,0.589363,POS
1243554710084255754,2020-03-27 15:05:21+00:00,1243554710084255754,"No olviden sus caras ellas y ellos son los que le dan la espalda a los trabajadores sin hacer nada por el dictamen que no obliga a los empleadores pagar sueldo a los trabajadores en cuarentena 

#CuarentenaTotal #ContigoCHV #CoronaVirusEnChile 
 #KramerMiserable 
 #Bienvenidos13 https://t.co/7NEjkZ4l8f",114,93,40,5,https://twitter.com/csantander23/status/1243554710084255754/photo/1,es,False,,csantander23,0.923268,0.068647,0.008085,NEG
1243331134118866944,2020-03-27 00:16:57+00:00,1243331134118866944,"A ud quien le entrega m√°s confianza ? 

RT.    Izkia Siches
FAV.  Jaime Ma√±alich 

 #destitucionama√±alich
 #CuarentenaMV #IzkiaSichesMV 
#CuarentenaTotal #ToqueDeQueda #CoronaVirusEnChile https://t.co/1gUG7k7YM8",1806,3327,409,72,https://twitter.com/csantander23/status/1243331134118866944/photo/1,es,False,,csantander23,0.216959,0.698919,0.084122,NEU
1243288768012005377,2020-03-26 21:28:36+00:00,1243288768012005377,"Atentos se busca a Barbara Figueroa Pdta de la Cut para que le avisen que la Direcci√≥n del Trabajo se esta pasando por donde quiere a los trabajadores en cuarentena 

#ComisariaVirtual
#CuarentenaTotal #ToqueDeQueda #CuarentenaTOTALChile #claveunica #CoronaVirusEnChile #COVID201 https://t.co/m7WJuYmBsS",126,113,35,5,https://twitter.com/csantander23/status/1243288768012005377/photo/1,es,False,,csantander23,0.471871,0.505841,0.022287,NEU
1242822268738326528,2020-03-25 14:34:54+00:00,1242822268738326528,"Min Ma√±alich ud cree justo pagar millones por Espacio Riesco mientras otros hosp en campa√±a en precarias condiciones ? 

Foto 1) hosp. Campa√±a en San Antonio
Foto 2) hosp. Campa√±a Espacio Riesco 

#COVID2019 #CoronaVirusEnChile #COVID„Éº19 https://t.co/PhbrM4zTYH",177,135,48,17,https://twitter.com/csantander23/status/1242822268738326528/photo/1,es,False,,csantander23,0.817145,0.175798,0.007057,NEG
1242817451005542402,2020-03-25 14:15:45+00:00,1242817451005542402,"-C√≥mo es desempe√±o del Intendente Guevara ? 

-Chile

#COVID2019 #ContigoCHV https://t.co/U0dckU9gnp",3,9,1,0,https://twitter.com/csantander23/status/1242817451005542402/photo/1,es,False,,csantander23,0.320005,0.623962,0.056033,NEU
1242118540557275140,2020-03-23 15:58:32+00:00,1242118540557275140,"Ud cree que el gobierno y el ministerio de salud mienten con los casos positivos de #COVID„Éº19 en chile y son m√°s contagiados de los que han informado ? 

 #CuarentenaObligatoriaYa
#ToquedeQuedaChile #ToqueDeQueda 
Cathy Barriga 
Maipu",136,39,34,7,,es,False,,csantander23,0.704454,0.282216,0.01333,NEG
1242065877480222722,2020-03-23 12:29:16+00:00,1242065877480222722,"No vayan a RT porque al Min. Ma√±alich no le debe gustar que se publique como el personal de salud debe hacer sus propios insumos para no contagiarse con el #COVID„Éº19 !

#CuarentenaObligatoriaYa 
#ContigoCHV 
Cadem 
#Bienvenidos13 https://t.co/Z7tUS8rKMH",411,168,21,31,https://twitter.com/csantander23/status/1242065877480222722/photo/1,es,False,,csantander23,0.709711,0.266963,0.023325,NEG
1242064588209872907,2020-03-23 12:24:08+00:00,1242064588209872907,"Que pena ver estas im√°genes , al sr Ma√±alich y Pi√±era no le importa la salud de los chilenos !! Sus medidas son absurdas pero como es gente pobre que se contagien en el metro !! 

#CuarentenaObligatoriaYa 
#ContigoCHV 
Cadem 
#Bienvenidos13 https://t.co/6bjcHU0Yvb",74,75,6,5,https://twitter.com/csantander23/status/1242064588209872907/photo/1,es,False,,csantander23,0.963341,0.031545,0.005114,NEG
1241882633266749443,2020-03-23 00:21:07+00:00,1241882633266749443,"A su parecer quien tiene m√°s credibilidad ? 

RT.   Ezkia Siches 
FAV. Jaime Ma√±alich 

#COVID„Éº19
#CadenaNacional #COVID2019chile 
#CuarentenaObligatoriaYa 
Cecilia Morel #Cacerolazo 
 #ChileContraelCovid19 https://t.co/HSFvO3KosB",1656,2573,256,48,https://twitter.com/csantander23/status/1241882633266749443/photo/1,es,False,,csantander23,0.298668,0.644913,0.056419,NEU
1241880619401035776,2020-03-23 00:13:07+00:00,1241880619401035776,"Ud aprueba o desaprueba como Ma√±alich y Pi√±era est√°n manejando la pandemia #COVID„Éº19 ? 

#CadenaNacional #COVID2019chile 
#CuarentenaObligatoriaYa 
Cecilia Morel #Cacerolazo 
 #ChileContraelCovid19",650,296,144,32,,es,False,,csantander23,0.483462,0.482085,0.034453,NEG
1241363010461016064,2020-03-21 13:56:19+00:00,1241363010461016064,"Quien deber√≠a tener la vocer√≠a oficial de la pandemia #Covid_19 en Chile ? 

RT.   Izkia Siches 
FAV. Jaime Ma√±alich 

#quedateEnTuCasa #NoSonVacaciones #CuicosTerroristas 
 #CuarentenaPorLaVida 
 #ElCapitalismoEsElVirus
Litoral Central https://t.co/aMZNwrqRto",2300,4163,468,96,https://twitter.com/csantander23/status/1241363010461016064/photo/1,es,False,,csantander23,0.529004,0.429638,0.041358,NEG
1241349484581396481,2020-03-21 13:02:34+00:00,1241349484581396481,"Qued√≥ claro que Ma√±alich no est√° a la altura de la pandemia #Covid_19 !! Es un tipo soberbio y nefasto ! 
Propongo a Izkia Siches como Ministra de salud Encargada de chile ! 

#quedateEnTuCasa #NoSonVacaciones #CuicosTerroristas 
 #CuarentenaPorLaVida 
Litoral Central https://t.co/ah94f0d0Nj",1011,2955,978,179,https://twitter.com/csantander23/status/1241349484581396481/photo/1,es,False,,csantander23,0.853302,0.131991,0.014707,NEG
1240798530337464323,2020-03-20 00:33:17+00:00,1240798530337464323,"Ud con quien pasar√≠an la cuarentena ? 

Mon Laferte 
Sebasti√°n Pi√±era 
Luis Jara 
Pamela Jiles",29,10,51,9,,es,False,,csantander23,0.241828,0.662451,0.095721,NEU
1240444332987109376,2020-03-19 01:05:49+00:00,1240444332987109376,"El  #Temblor re√∫ne las condiciones para que renuncie Ma√±alich y la mueva Ministra de Salud sea Izkia Siches !! 

Gracias Ministra 

#coronavirusEnChile
#EstadoDeCatastrofe #COVID2019chile #CuarentenaNacionalYa #QuedateEnCasa",37,100,49,6,,es,False,,csantander23,0.44611,0.494624,0.059266,NEU
1240061836298465282,2020-03-17 23:45:55+00:00,1240061836298465282,"Quien deber√≠a tener la vocer√≠a oficial por el #CoronaVirusEnChile ?

RT.    Ezkia Siches 
FAV.  Ma√±alich 

 #TuSistemaMeMata #CierrenLosMall #CierreTotal #COVID„Éº19chile https://t.co/ySXSuxWHNz",5341,708,219,79,https://twitter.com/csantander23/status/1240061836298465282/photo/1,es,False,,csantander23,0.695869,0.282996,0.021135,NEG
1239673028772069378,2020-03-16 22:00:56+00:00,1239673028772069378,"NO SACAN NADA CON DECRETAR CUARENTENA SI LOS MALL , CENTROS COMERCIALES , CINE , METRO, TRANSPORTE PUBLICOS Y SUPERMERCADOS EST√ÅN LLENO DE GENTE ! 
LA CUARENTENA NO SON VACACIONES ü§¶‚Äç‚ôÇÔ∏èü§¶‚Äç‚ôÇÔ∏èü§¶‚Äç‚ôÇÔ∏è
 #CuarentenaCoronavirus #EstadoDeEmergencia #Fase4 #cuidemonosentretodos
 #QuedateEnLaCasa",12,15,1,1,,es,False,,csantander23,0.552438,0.41324,0.034322,NEG
1239162830311563264,2020-03-15 12:13:35+00:00,1239162830311563264,"LLEGO M√ÅS R√ÅPIDO EL CORONAVIRUS A CHILE QUE LOS TIEMPOS MEJORES DE PI√ëERA 

#CoronaVirusEnChile #Covid19Chile #NoMasStarbucks #SuspendanLasClasesYa #quedateEnTuCasa",33,80,25,3,,es,False,,csantander23,0.74567,0.231555,0.022775,NEG
1238630701097988097,2020-03-14 00:59:06+00:00,1238630701097988097,"#CadenaNacional
Pi√±era 
40 muertos
Heridos: 3766
Heridas oculares: 445
Heridas por disparos: 2.122
Violencia sexual: 197
Torturas: 520
 
#coronaviruschile  
Contagiados : 43 
Muertos : 0

¬øQuien es mas peligroso ?",2306,3524,938,219,,es,False,,csantander23,0.664406,0.315676,0.019917,NEG
1238286167109521408,2020-03-13 02:10:03+00:00,1238286167109521408,"#Pi√±era 
40 muertos
Heridos: 3766
Heridas oculares: 445
Heridas por disparos: 2.122
Violencia sexual: 197
Torturas: 520
Uso excesivo de fuerza: 1073
 
#coronaviruschile 

Contagiados : 33 
Muertos : 0

¬øQuien es mas peligroso ?

#MeganoticiasPrime #PlazaDeLaDignidad",1084,1068,208,77,,es,False,,csantander23,0.631745,0.347165,0.02109,NEG
1237555509994983426,2020-03-11 01:46:40+00:00,1237555509994983426,"Donde est√° Alberto Plaza , Checho Hirane , Tere Marinovic y Juan Antonio Coloma defiendiendo a Sebastian Izquierdo y a la #PrimeraLinea del #Rechazo ? 

#UdiFinanciaLaViolencia  #ViolenciaSectorOriente #reportajest13 #ParoNacional  #PlazaDeLaDignidad https://t.co/pXq1vnRXuA",36,38,41,1,https://twitter.com/csantander23/status/1237555509994983426/photo/1,es,False,,csantander23,0.810754,0.175717,0.013529,NEG
1237207990811443200,2020-03-10 02:45:45+00:00,1237207990811443200,"Los responsables de todas las torturas, violaciones a los DDHH , asesinatos de muchos compatriotas tienen nombre y apellidos 

-Mario Rozas
-Sebastian Pi√±era
-Gonzalo Blumel 
-Felipe Guevara 

#PacosCriminales #SalvemosChile
#9M2020 
 #PacosJaleros https://t.co/Gdxgn536QF",41,25,108,7,https://twitter.com/csantander23/status/1237207990811443200/photo/1,es,False,,csantander23,0.782453,0.199357,0.01819,NEG
1236618557359874049,2020-03-08 11:43:33+00:00,1236618557359874049,"Mientras 
-Danilo C√°rdenas, fue baleado a quemarropa por carabineros 
- Alexis Aguilera, Fue atropellado
- Cristian Valdebenito recibi√≥ impacto de lacrim√≥gena, falleci√≥ en Ex Posta Central 
Para #LUN es m√°s importante c√≥mo Martin Carcamo estaciona su camioneta de 40 millones https://t.co/UfaxDywwfx",21,18,12,1,https://twitter.com/csantander23/status/1236618557359874049/photo/1,es,False,,csantander23,0.907849,0.078628,0.013523,NEG
1236499086498566145,2020-03-08 03:48:49+00:00,1236499086498566145,"Hoy qued√≥ libre , as√≠ como lo lee , para el ministerio p√∫blico Walter Santiba√±ez Mancilla No representa un peligro para la sociedad despu√©s de haber golpeado a una mujer con un candado y cadena en el metro !! 
ü§¶‚Äç‚ôÇÔ∏èü§¶‚Äç‚ôÇÔ∏èü§¶‚Äç‚ôÇÔ∏è
#8m #DiaInternacionalDeLaMujer #8marzo2020 #8MChile #8M2020 https://t.co/G5lcOANlM5",1146,426,192,128,https://twitter.com/csantander23/status/1236499086498566145/photo/1,es,False,,csantander23,0.627221,0.336983,0.035796,NEG
1236122511126990848,2020-03-07 02:52:27+00:00,1236100191750479873,@FelipeParadaM @sebasantanders @belusozuniga @baradit @pachi379 @Cperezcarvallo @sebastianpinera @scastrotobolka @AnaMariaGazmuri @doris_gonzalez_ @labeasanchez @FelipeParadaM  I LOVE YOU ‚ù§Ô∏è,1,3,1,0,,en,False,22309781.0,csantander23,0.025551,0.110905,0.863543,POS
1236060476716564480,2020-03-06 22:45:57+00:00,1236060476716564480,"Independiente de su posici√≥n pol√≠tica 

Ud Aprueba o Rechaza una nueva constitucion para chile ? 

#PlazaDeLaDignidad #JuezaPrimeraLinea #8M #metrodesantiago #PrimeraLinea 
Illapu 

RT",796,307,76,37,,es,False,,csantander23,0.1768,0.775927,0.047273,NEU
1234292093339815937,2020-03-02 01:39:01+00:00,1234292093339815937,"Independiente de su posici√≥n pol√≠tica 

Ud Aprueba o Rechaza una nueva constitucion para chile ? 

#enacional #EstadoNacional #cadem #Cacerolazo #PrimeraLinea #PlazaDeLaDignidad 

RT",824,303,84,23,,es,False,,csantander23,0.220203,0.735746,0.04405,NEU
1232898609663836160,2020-02-27 05:21:49+00:00,1232898609663836160,"Ud el 26 de Abril votar√° ? 

#Apruebo o #Rechazo 

RT

#Vina2020 #CENSURA #fusionhumor #Vina2020censura",749,245,68,34,,es,False,,csantander23,0.316336,0.634797,0.048867,NEU
1232888920364503042,2020-02-27 04:43:19+00:00,1232888920364503042,"RT los que creen que  #fusionhumor fue censurado !! 

#CENSURA #Vina2020 https://t.co/7oXgNHiclP",29,22,4,0,https://twitter.com/csantander23/status/1232888920364503042/photo/1,es,False,,csantander23,0.679574,0.285783,0.034644,NEG
1232484120112050177,2020-02-26 01:54:47+00:00,1232484120112050177,"RT      Ana Gabriel 
FAV    Mon Laferte 

#Vina2020 #VinadelMar2020 #vi√±a https://t.co/DjlwGJsoHu",479,67,32,6,https://twitter.com/csantander23/status/1232484120112050177/photo/1,es,False,,csantander23,0.14022,0.698295,0.161485,NEU
1232154099153604612,2020-02-25 04:03:24+00:00,1232154099153604612,"Este 26 de abril ud votar√° ? 

#Apruebo o #Rechazo ? 

#JavieraContador #MonLaferte #MonJaviFran #Vi√±a2020 
 #VinadelMar2020
RT",1055,409,94,47,,es,False,,csantander23,0.141199,0.785318,0.073483,NEU
1232118146703728640,2020-02-25 01:40:32+00:00,1232118146703728640,"#MonLaferte debe ser citada a declarar como lo solicit√≥ Carabineros a la fiscal√≠a ? 

RT 
#Vina2020 #VinadelMar2020 
 #Vina2020censura",201,61,27,7,,es,False,,csantander23,0.363671,0.589925,0.046405,NEU
1231768633753337857,2020-02-24 02:31:42+00:00,1231768633753337857,"Independiente de su posici√≥n pol√≠tica 

Ud Aprueba o Rechaza una nueva constitucion para chile ? 

#VinadelMar #Vina2020  #ChileSinFestival #Vi√±a 
 #SinJusticiaNoHayFestival 
 #StefanKramer 
 #FestivalDeVinaDelMar
Kramer 
RT",701,246,56,31,,es,False,,csantander23,0.307993,0.637758,0.05425,NEU
1231324897827311623,2020-02-22 21:08:27+00:00,1231324897827311623,"Ud como va a votar en Abril ? 

RT 

Roxana Miranda 
#YoVotoRechazo #YoVotoApruebo 
#YoApruebo #YoRechazo",209,73,21,3,,es,False,,csantander23,0.121907,0.804467,0.073626,NEU
1231052438762905600,2020-02-22 03:05:47+00:00,1231052438762905600,"Ud por cual candidato votar√≠a para presidente de chile ? 

Daniel Jadue 
Jos√© Antonio Kast
RT 

#PlazaDeLaDignidad #PrimeraLinea #PlazaDignidad",504,158,62,15,,es,False,,csantander23,0.154087,0.76016,0.085753,NEU
1231022492233404416,2020-02-22 01:06:48+00:00,1231022492233404416,"Ud #Aprueba o #Rechaza una nueva constitucion para chile ? 
RT 
#PlazaDeLaDignidad #PrimeraLinea",533,175,67,13,,es,False,,csantander23,0.154748,0.764489,0.080763,NEU
1231020453537382401,2020-02-22 00:58:42+00:00,1231020453537382401,"A su parecer quien es el responsable de la represion , violaciones y torturas en las marchas tras el estadillo social ? 

 #PlazaDeLaDignidad #PrimeraLinea",101,42,629,80,,es,False,,csantander23,0.84896,0.143726,0.007314,NEG
1230705310001532928,2020-02-21 04:06:25+00:00,1230705310001532928,"Ernesto Guti√©rrez 
Q.E.P.D 

 #MeaCulpaTVN https://t.co/V37akeAq8g",4,41,1,0,https://twitter.com/csantander23/status/1230705310001532928/photo/1,es,False,,csantander23,0.892791,0.090257,0.016952,NEG
1230318797824888832,2020-02-20 02:30:34+00:00,1230318797824888832,"RT los que est√°n viendo #Hercai 

 #ElDestinoDeMiran",12,5,1,0,,es,False,,csantander23,0.087198,0.730814,0.181988,NEU
1230318425370656768,2020-02-20 02:29:05+00:00,1230318425370656768,"#ElDestinoDeMiran en 11 puntos de rating 

#HercaiTVN",6,2,0,0,,es,False,,csantander23,0.269877,0.640621,0.089502,NEU
1230188053609750528,2020-02-19 17:51:02+00:00,1230188053609750528,"Quien es mas nefast@ ? 

Iv√°n Moreira 
Carmen Hertz 

RT",400,141,62,21,,es,False,,csantander23,0.913963,0.076699,0.009338,NEG
1230105158429872128,2020-02-19 12:21:38+00:00,1230105158429872128,"Activa Research : 
Ud por cual candidat@ votar√≠a para futur@ Presidente o Presidenta de Chile ? 

RT",195,82,1110,138,,es,False,,csantander23,0.058315,0.806149,0.135536,NEU
1229956986957172737,2020-02-19 02:32:51+00:00,1229956986957172737,"Hercai marcando 12 puntos de rating y tvn se va a comerciales ü§¶‚Äç‚ôÇÔ∏èü§¶‚Äç‚ôÇÔ∏èü§¶‚Äç‚ôÇÔ∏è 

 #CuestionDeHonorHercai",17,6,0,1,,es,False,,csantander23,0.480326,0.471707,0.047967,NEG
1229268212317069312,2020-02-17 04:55:55+00:00,1229268212317069312,"Independiente de su postura pol√≠tica ud APRUEBA o RECHAZA una #NuevaConstitucionParaChile ?
RT
#Cadem #MarcaApruebo 
#ChileDesperto 
 #RECHAZOCRECE",755,270,64,13,,es,False,,csantander23,0.240296,0.702431,0.057273,NEU
1229258339302940672,2020-02-17 04:16:41+00:00,1229258339302940672,"Todos los degenerados deber√≠an estar en la c√°rcel , ninguna mujer, ni√±o u hombre merece ser violentado sexualmente por qlos asquerosos !! #MeaCulpaTVN",9,49,4,0,,es,False,,csantander23,0.912962,0.062227,0.024811,NEG
1228177582010462210,2020-02-14 04:42:08+00:00,1228177582010462210,Este es el bastardo asqueroso violador RT para que no olviden su cara y para que nadie le pase lo mismo que a las victimas si llegara a estar en libertad  #MeaCulpaTVN https://t.co/ixk4HDSLLX,24,11,2,1,https://twitter.com/csantander23/status/1228177582010462210/photo/1,es,False,,csantander23,0.917339,0.065501,0.01716,NEG
1227772788888473610,2020-02-13 01:53:38+00:00,1227772788888473610,"Continua el √©xito!: ‚ÄúHercai‚Äù logra superar a ‚ÄúPasapalabra‚Äù y se queda con el segundo lugar de¬†sinton√≠a https://t.co/rDJPUUp1ao‚Ä¶

 #MiranSeLaJuega",5,3,0,0,http://fotech.cl/continua-el-ex,es,False,,csantander23,0.044755,0.180259,0.774987,POS
1227752649648463873,2020-02-13 00:33:36+00:00,1227752649648463873,RT @emiliatijoux: Joven rescatista voluntario haitiano detenido en la 19 comisar√≠a de Providencia. Rogamos apoyar y difundir!,1051,0,0,0,,es,False,,csantander23,0.388625,0.54895,0.062426,NEU
1227726090485018624,2020-02-12 22:48:04+00:00,1227726090485018624,"Independiente de su postura pol√≠tica ud APRUEBA o RECHAZA una #NuevaConstitucionParaChile ?
RT
#MarcaRechazo #MarcaApruebo 
#ChileDesperto #Los80",814,293,77,39,,es,False,,csantander23,0.22021,0.730925,0.048865,NEU
1227609006723780609,2020-02-12 15:02:49+00:00,1227609006723780609,"Independiente de su postura pol√≠tica ud APRUEBA o RECHAZA una #NuevaConstitucionParaChile ?
Vote y RT 
 #YoAprueboNuevaConstitucion #RechazarParaReformar 

#YoRechazo #YoApruebo",592,187,43,34,,es,False,,csantander23,0.150539,0.78251,0.066951,NEU
1225549456214577152,2020-02-06 22:38:54+00:00,1225549456214577152,"Quien es el peor ministro ? 
RT 
 #ElPeorGobiernoDeLaHistoria",73,28,43,12,,es,False,,csantander23,0.909108,0.079384,0.011508,NEG
1224870263654879232,2020-02-05 01:40:02+00:00,1224870263654879232,"RT @naibafnaibaf: ¬øMejor #Radio para informarse en #Chile ?

Retuitea, para que m√°s personas voten üëç

#FelizMartes #LasCondes #PuenteAlto #‚Ä¶",210,0,0,0,,es,False,,csantander23,0.098136,0.729319,0.172545,NEU
1224789116421844996,2020-02-04 20:17:35+00:00,1224789116421844996,"PONGALE NOMBRE A LOS HONORABLES ____________________________________
#QueSeVayanTodos  #AcusacionConstiticional https://t.co/cRFUnGCLul",38,35,29,7,https://twitter.com/csantander23/status/1224789116421844996/photo/1,es,False,,csantander23,0.486886,0.47837,0.034743,NEG
1224694169077264384,2020-02-04 14:00:18+00:00,1224694169077264384,"Encuesta Criteria :

Independiente de su postura pol√≠tica ud APRUEBA o RECHAZA una #NuevaConstitucionParaChile ?

RT.   Rechazo 
FAV. Apruebo",579,44,71,27,,es,False,,csantander23,0.224284,0.703783,0.071934,NEU
1224691643682639872,2020-02-04 13:50:16+00:00,1224691643682639872,"Encuesta Criteria :

Independiente de su postura pol√≠tica ud APRUEBA o RECHAZA una #NuevaConstitucionParaChile ?",845,329,130,42,,es,False,,csantander23,0.210762,0.725833,0.063406,NEU
1224318133823066113,2020-02-03 13:06:04+00:00,1224318133823066113,"Ud aprueba o rechaza una #NuevaConstitucionParaChile ? 

RT
 #Cadem",1253,505,155,63,,es,False,,csantander23,0.168399,0.773507,0.058094,NEU
1223996027209949187,2020-02-02 15:46:08+00:00,1223996027209949187,"Juzgue ud :

1) Sebasti√°n Lelio   #YoApruebo 
2)Alex Hern√°ndez  #YoRechazo 

#NuevaConstitucionParaChile https://t.co/qVvU3X9oxk",68,161,121,14,https://twitter.com/csantander23/status/1223996027209949187/photo/1,es,False,,csantander23,0.211243,0.708376,0.080381,NEU
1223978380288253954,2020-02-02 14:36:00+00:00,1223978380288253954,"Ud a quien Prefiere para dirigir Campa√±a a una Nueva Constituci√≥n ? 

RT.    Sebasti√°n Lelio.   Apruebo 
FAV.   Alex Hern√°ndez  Rechaz√≥ https://t.co/XafSdYh0ci",166,60,16,3,https://twitter.com/csantander23/status/1223978380288253954/photo/1,es,False,,csantander23,0.243313,0.661009,0.095677,NEU
1222378860584546304,2020-01-29 04:40:05+00:00,1222378860584546304,"No olviden sus caras , los responsables de los asesinatos, torturas y violaciones en chile tienen nombre y apellidos

Sebasti√°n Pi√±era
Andr√©s Chadwick
Gonzalo Blumel 
Felipe Guevara
Mario Rozas

#PacosSinGloria #pacosasesinos #VamosColoColo #pacosculiaos 
RT https://t.co/nJZB42ZZmN",647,488,81,50,https://twitter.com/csantander23/status/1222378860584546304/photo/1,es,False,,csantander23,0.828213,0.152623,0.019164,NEG
1222366565464727552,2020-01-29 03:51:14+00:00,1222366565464727552,"FUERTE Y CLARO 

üëâüèøüëâüèæüëâüèΩüëáüèºüëáüèºüëáüèºüëáüèºüëàüèΩüëàüèæüëàüèø
üëâüèøüëâüèæüëâüèΩüëáüèºüëáüèªüëáüèªüëáüèªüëàüèΩüëàüèæüëàüèø
üëâüèøüëâüèæüëâüèΩ    PACOS  üëàüèΩüëàüèæüëàüèø
üëâüèø üëâüèæüëâüèΩASESINOSüëàüèΩüëàüèæüëàüèø
üëâüèøüëâüèæüëâüèΩüëÜüèªüëÜüèªüëÜüèªüëÜüèªüëàüèΩüëàüèæüëàüèø
üëâüèøüëâüèæüëâüèΩüëÜüèºüëÜüèºüëÜüèºüëÜüèºüëàüèΩüëàüèæüëàüèø

 #VamosColoColo
Joven asesinado por cami√≥n de carabineros falleci√≥ 
RT",57,97,18,3,,es,False,,csantander23,0.167069,0.670939,0.161992,NEU
1221878113380028416,2020-01-27 19:30:18+00:00,1221878113380028416,"A su parecer cu√°l es la o el peor Ministr@ del Gobierno ? 

#RenunciaCubillos #NoMasPSU #PSU2019 #PSU2019 #Cadem",58,24,86,10,,es,False,,csantander23,0.779037,0.210491,0.010472,NEG
1220886083849859072,2020-01-25 01:48:20+00:00,1220886083849859072,"SI PI√ëERA RENUNCIARA DE FORMA ANTICIPADA , 
UD POR QUIEN VOTARIA PARA FUTUR@ PRESIDENTX DE CHILE ? 
RT 
 #Dem√≥cratasConPi√±era #PlazaDeLaDignidad #PrimeraLinea",552,250,113,27,,es,False,,csantander23,0.157877,0.760756,0.081368,NEU
1220885539878047747,2020-01-25 01:46:10+00:00,1220885539878047747,"PI√ëERA DEBE RENUNCIAR ? 
RT 
 #Dem√≥cratasConPi√±era #PlazaDeLaDignidad #PrimeraLinea",324,97,67,35,,es,False,,csantander23,0.242235,0.687751,0.070014,NEU
1219437203299893248,2020-01-21 01:50:59+00:00,1219437203299893248,"RT @FelipeParadaM: Entregamos junto a @Claudia_Mix, @MiguelCrispiS y @Mayafernandeza  antecedentes a la FNE que comprobar√≠an una nueva colu‚Ä¶",316,0,0,0,,es,False,,csantander23,0.06047,0.55686,0.38267,NEU
1218711436307968000,2020-01-19 01:47:03+00:00,1218711436307968000,"PI√ëERA ASESINO 
QUE HERMOSO SE ESCUCHA 

#OlmueTVN #LosJaivas https://t.co/odV9oC4XD7",2,9,11,1,https://twitter.com/csantander23/status/1218711436307968000/video/1,es,False,,csantander23,0.704732,0.239128,0.056141,NEG
1218710154495111168,2020-01-19 01:41:58+00:00,1218710154495111168,"El Pueblo Unido Jam√°s Ser√° Vencido ! 
#OlmueTVN

 #LosJaivas 
Renuncia Pi√±era https://t.co/FneFvh1qiq",26,114,47,2,https://twitter.com/csantander23/status/1218710154495111168/video/1,es,False,,csantander23,0.281398,0.584095,0.134507,NEU
1217213190297309186,2020-01-14 22:33:33+00:00,1217213190297309186,"Ud quiere una nueva constituci√≥n ? 

RT 
#BigData #Pi√±eraCuliao #PrimeraLinea 
 #RechazamosLeyMordaza",768,273,113,41,,es,False,,csantander23,0.322842,0.606139,0.071019,NEU
1216897761615937537,2020-01-14 01:40:09+00:00,1216897761615937537,RT @FelipeParadaM: Esta semana iremos a la @chilefne a entregar antecedentes d nuestra investigaci√≥n x una posible nueva  colusi√≥n d las 3‚Ä¶,406,0,0,0,,es,False,,csantander23,0.180624,0.785067,0.034309,NEU
1216360401904001024,2020-01-12 14:04:53+00:00,1216360401904001024,"Si hoy fueran las elecciones Presidenciales ud por cual candidato votar√≠a ? 
RT
#MesaCentral #estadonacional #enacional #Cadem #PrimeraLinea",876,371,153,49,,es,False,,csantander23,0.147846,0.804407,0.047747,NEU
1216359650506964994,2020-01-12 14:01:54+00:00,1216359650506964994,"Ud quiere una nueva constituci√≥n ? 

RT 
#enacional #EstadoNacional #MesaCentral #Cadem #PrimeraLinea",751,232,95,28,,es,False,,csantander23,0.161419,0.779764,0.058817,NEU
1215757252344324096,2020-01-10 22:08:11+00:00,1215757252344324096,A su parecer se intensificar√°n las protestas y marchas en la  #PlazaDeLaDignidad tras represion desmedida de la policia y la nula respuesta del gobierno a las causas sociales ?,25,9,60,3,,es,False,,csantander23,0.96394,0.032081,0.003979,NEG
1215400361483276288,2020-01-09 22:30:01+00:00,1215400361483276288,"Ud quiere una nueva constituci√≥n ? 

RT 
 #YoRechazo #YoApruebo",661,200,74,49,,es,False,,csantander23,0.13445,0.757612,0.107938,NEU
1215304260595916800,2020-01-09 16:08:09+00:00,1215304260595916800,"A su parecer que Hijito Prodig√≥ es mas Sinverguenza y Care Raja ? 

Crist√≥bal Pi√±era Morel 
Sebastian D√°valos 
RT 
 #Chanfreau #ChileDesperto #TeMetesConEllxsTeMetesConTodos",191,49,56,8,,es,False,,csantander23,0.883324,0.105906,0.01077,NEG
1214237631594283009,2020-01-06 17:29:45+00:00,1214237631594283009,"Si la ven d√≠ganle que la PSU es un Fracaso 
#NoMasPSU #CubillosPuntajeMarginal
#PSU2020 https://t.co/urHcePtHH2",135,248,140,27,https://twitter.com/csantander23/status/1214237631594283009/photo/1,es,False,,csantander23,0.810121,0.179732,0.010147,NEG
1214223056010391558,2020-01-06 16:31:50+00:00,1214223056010391558,"Acomp√°√±enme a ver la triste historia de Kast 
 #PSU2020

RT https://t.co/wPdewTnyfA",10,12,10,1,https://twitter.com/csantander23/status/1214223056010391558/photo/1,es,False,,csantander23,0.789624,0.192863,0.017514,NEG
1213920816481669126,2020-01-05 20:30:50+00:00,1213920816481669126,"La diputada #camilaflores debe ser sancionada por tratar a los vendedores de tienda comercial H&amp;M de Maricones Asquerosos ?? 

RT",299,105,173,32,,es,False,,csantander23,0.793217,0.188343,0.018441,NEG
1213899922690498561,2020-01-05 19:07:49+00:00,1213899922690498561,"#camilaflores es una facha nefasta que le hace da√±o a la pol√≠tica ? 

RT.    SI       FAV.  NO https://t.co/0C857fOWdO",269,951,99,12,https://twitter.com/csantander23/status/1213899922690498561/photo/1,es,False,,csantander23,0.905497,0.087649,0.006855,NEG
